Date,Open,Close,High,Low,Volume_(BTC),Volume_(Currency),Weighted_Price
2015-01-01,345.0,340.0,345.0,340.0,0.0,0.0,342.5
2015-01-02,345.0,340.0,345.0,340.0,0.0,0.0,342.5
2015-01-03,345.0,340.0,345.0,340.0,0.0,0.0,342.5
2015-01-04,345.0,340.0,345.0,340.0,0.0,0.0,342.5
2015-01-05,345.0,340.0,345.0,340.0,0.0,0.0,342.5
2015-01-06,345.0,340.0,345.0,340.0,0.0,0.0,342.5
2015-01-07,360.0,307.57,360.0,264.81,5.0,1511.8972,302.3981942237963
2015-01-08,314.96,288.99,314.96,265.5,12.24,3538.0049,289.1436150362391
2015-01-09,314.96,288.99,314.96,265.5,0.0,0.0,289.1436150362391
2015-01-10,314.96,288.99,314.96,265.5,0.0,0.0,289.1436150362391
2015-01-11,314.96,288.99,314.96,265.5,0.0,0.0,289.1436150362391
2015-01-12,260.0,260.0,260.0,260.0,82.0,21320.0,260.0
2015-01-13,260.0,219.63,260.0,200.0,1143.99,297274.9092,248.71591666666666
2015-01-14,219.63,150.0,220.0,109.87,219.27730962,40719.4750524282,168.58433657960418
2015-01-15,150.0,189.0,225.5,150.0,52.25737546,9290.940003040001,169.3392309493611
2015-01-16,189.0,210.0,210.0,189.0,19.856,3919.3896,194.27693275461803
2015-01-17,210.0,184.0,210.0,184.0,18.429,3855.474,209.1065024184133
2015-01-18,210.0,225.51,225.51,210.0,39.31,8266.1121,214.17125
2015-01-19,225.51,225.51,225.51,225.51,14.4,3247.344,225.50999999999996
2015-01-20,225.51,224.0,225.51,208.0,13.039,2879.4953,221.15406845240278
2015-01-21,224.0,246.62,257.73,216.59,15.8584025,3690.103647775,226.90011024907636
2015-01-22,252.41,226.32,254.45,217.59,15.65,3588.1566,227.39110416666668
2015-01-23,226.32,216.0,235.0,215.0,25.440070000000002,5831.53625,225.11675
2015-01-24,216.0,250.91,255.05,216.0,202.34338528,50502.32041576,230.89615999551387
2015-01-25,250.91,283.28,290.0,245.32,3578.682728,926981.53188488,254.0948515507986
2015-01-26,283.28,260.53,322.72,241.43,10974.7262806,3144261.759823344,278.67623210218056
2015-01-27,261.49,256.76,267.5,244.03,2243.92808743,583886.7475552501,260.26232662786805
2015-01-28,256.75,236.15,262.0,228.5,7766.30196304,1904788.6569355472,248.17171478719445
2015-01-29,236.45,237.0,240.0,221.14,7276.84874866,1692572.1656586085,233.2592881185278
2015-01-30,236.98,227.9,244.59,226.24,8109.8915471,1886945.769187373,232.79134838856945
2015-01-31,227.2,219.08,234.67,216.16,7247.30236529,1642480.3411501434,227.43260142505557
2015-02-01,219.07,228.28,233.79,210.0,8659.29718627,1931111.5333079745,221.9453594340625
2015-02-02,228.28,238.05,242.0,220.89,9615.19757792,2206706.939286975,228.9113067899861
2015-02-03,238.07,227.39,243.9,225.32,9919.31816966,2332750.4011233705,234.95221503977777
2015-02-04,227.4,225.69,230.99,221.5,9220.2227403,2082913.907016566,225.85816844839582
2015-02-05,226.21,217.1,227.15,215.0,9094.299990129999,2002080.411163674,221.60885878340972
2015-02-06,217.04,224.83,226.64,216.03,5257.27673152,1170726.2259777829,222.01574062979861
2015-02-07,224.66,226.76,230.5,223.35,4788.60733722,1090012.5223481865,227.49134777521527
2015-02-08,226.76,223.5,231.6,220.0,5554.15449802,1247609.2911672685,225.11394865988194
2015-02-09,223.34,218.89,224.43,216.45,6350.55171001,1399207.744316225,221.0418412017778
2015-02-10,218.66,222.32,223.61,215.0,8486.348928379999,1864821.227971226,219.1610537293264
2015-02-11,222.2,218.7,223.2,217.46,8580.17259167,1893295.391384904,220.87291566401387
2015-02-12,218.7,224.25,225.0,218.0,8359.11592012,1853128.465488193,221.1915500821528
2015-02-13,224.32,241.06,242.36,224.24,15698.06421346,3707063.296522911,236.1820421438264
2015-02-14,241.06,257.47,263.13,239.92,16428.31497745,4134873.547679521,250.69000484565973
2015-02-15,257.46,232.34,267.86,228.0,16321.36541341,3969043.077708186,244.60075471506252
2015-02-16,232.34,235.32,241.0,231.44,10293.91370587,2428202.7661313447,235.5449156485764
2015-02-17,234.84,244.3,248.0,234.55,18725.75411241,4529960.53954526,240.95189352036112
2015-02-18,244.42,236.79,246.0,231.93,11521.80974528,2739940.6700421628,239.18429297527777
2015-02-19,236.94,245.0,245.0,236.0,10174.56927069,2448821.3439352014,239.83108413122915
2015-02-20,245.0,246.24,248.32,241.76,10782.00859604,2640453.959953224,245.22984009484722
2015-02-21,246.24,246.22,248.43,244.0,6477.34882295,1592653.9037487374,245.78405125533334
2015-02-22,246.22,237.64,246.92,234.01,8693.27948812,2076857.482817576,240.74786379204164
2015-02-23,237.59,239.84,241.03,232.0,10622.94653291,2528274.630530562,237.85893846997917
2015-02-24,239.83,240.1,241.91,235.51,8731.97994375,2088971.6330187162,239.1433512176042
2015-02-25,240.09,237.11,240.15,234.33,9244.28066161,2199254.367586747,238.1009481060069
2015-02-26,237.11,251.98,259.0,234.33,12868.77291427,3118644.453635798,237.799664208
2015-02-27,251.96,252.71,258.99,247.64,16417.74838108,4167972.675378904,253.60277435886806
2015-02-28,252.71,255.0,256.29,250.0,6855.37662415,1740489.6548379108,253.9520376483611
2015-03-01,255.09,260.48,263.13,244.88,12175.25502613,3103040.390715093,253.843283049875
2015-03-02,260.58,278.02,279.8,256.6,19804.92966261,5327706.176503307,267.018459896
2015-03-03,277.87,281.51,289.5,267.07,18377.78014349,5123553.014149166,277.97010050125
2015-03-04,281.56,271.5,285.0,267.39,13447.60402282,3728268.2519476037,277.9802321709444
2015-03-05,271.69,275.39,281.09,262.49,12213.9068699,3326959.515473038,271.9885703137708
2015-03-06,275.25,273.73,276.3,269.12,9500.0446774,2593821.64715157,272.9199953226875
2015-03-07,273.69,277.84,279.44,270.55,6384.82144547,1760559.53675665,274.94979135789583
2015-03-08,277.82,278.6,279.39,270.29,5805.16101063,1599572.586728817,275.44619457595655
2015-03-09,278.43,296.81,298.87,277.36,15838.09439023,4562575.106535283,285.47607916265275
2015-03-10,297.22,293.23,299.48,290.51,15090.83358595,4457687.86389469,294.93998822014584
2015-03-11,293.23,293.46,297.8,291.2,9678.08771056,2856255.5153357903,295.0594609983681
2015-03-12,293.32,294.76,298.9,292.15,8940.4669891,2643757.758694202,295.15638012579865
2015-03-13,294.58,284.0,295.5,280.86,13091.33692614,3784807.968748367,289.49468442000693
2015-03-14,283.96,285.5,289.0,282.18,6244.71481212,1782331.589953365,285.30308110546525
2015-03-15,285.5,293.14,294.38,284.0,6006.51951872,1734468.41036659,287.37138928986803
2015-03-16,293.14,292.59,294.99,290.03,8438.13151658,2470008.715147189,292.86161586620136
2015-03-17,292.55,285.22,293.69,283.51,8113.44637628,2341689.523854674,289.53182086024304
2015-03-18,285.22,256.72,286.0,249.2,21474.22555546,5699280.50169159,270.63463097607644
2015-03-19,256.51,266.3,267.42,252.5,13884.57537435,3624384.34172006,261.5169078840625
2015-03-20,266.25,262.45,266.25,259.31,7702.87412857,2024806.190743104,262.7568691238889
2015-03-21,262.44,261.13,263.36,256.66,6179.3012835399995,1612764.799004126,261.11814588936807
2015-03-22,261.38,269.5,271.6,259.71,6458.19258267,1717697.3062248507,264.4635165512292
2015-03-23,269.38,267.86,273.99,260.81,13853.99448424,3705575.00498259,268.37883501998607
2015-03-24,267.74,248.89,268.1,244.8,18598.73301909,4661338.028096087,254.45185720414585
2015-03-25,249.05,247.17,249.99,234.51,11522.50049332,2824953.4685056815,245.79669359181253
2015-03-26,247.07,248.84,254.9,244.92,11968.59798061,3000589.716310442,250.26655435249998
2015-03-27,248.75,249.61,250.54,246.8,7901.60035652,1966826.090585385,248.94783688485415
2015-03-28,249.6,247.49,254.99,247.01,6820.92570167,1720686.458090053,252.59057982236806
2015-03-29,247.48,245.45,251.64,237.94,10273.43900534,2507408.0211679055,245.13274360209027
2015-03-30,245.64,248.92,250.06,242.0,9947.03932043,2463514.5684409104,247.32514859490973
2015-03-31,248.92,244.51,249.11,242.87,8489.97719402,2084609.694206167,245.95593370451388
2015-04-01,244.9,248.26,249.55,241.07,10124.60985975,2484422.341779468,245.26544909094446
2015-04-02,248.19,253.8,255.24,245.8,8916.15507517,2238120.816316019,250.3368071581389
2015-04-03,253.79,255.3,257.43,252.59,7309.47284679,1864958.455597581,255.09114875503474
2015-04-04,255.3,253.21,255.7,251.26,4952.29089619,1255167.7174023034,253.49895505007638
2015-04-05,253.2,262.32,263.0,252.06,6099.25595851,1578006.003492687,257.35820687359023
2015-04-06,262.32,254.01,262.78,253.45,8237.94998085,2125679.023954815,258.184823184
2015-04-07,254.01,254.05,258.11,253.68,7848.42676651,2006354.416117101,255.5190223443264
2015-04-08,254.26,246.16,255.47,244.29,7987.98706941,1979847.806775444,248.96188483692362
2015-04-09,246.16,242.3,246.89,239.02,7797.25393399,1905505.71629833,244.3137257710486
2015-04-10,242.29,237.55,243.42,232.35,11825.13317966,2804977.412931821,237.93552377025
2015-04-11,237.55,237.77,239.16,234.77,6448.29954037,1530594.1970184061,237.08067382279165
2015-04-12,237.77,237.26,238.53,234.02,5018.23189117,1191406.5509522138,237.44804854322916
2015-04-13,237.42,225.14,238.0,220.77,13120.9491472,3010515.713357581,231.88910394934027
2015-04-14,225.15,223.06,225.29,216.92,12786.93101995,2824323.008509389,221.11513744020834
2015-04-15,223.06,227.65,227.99,218.09,8744.06542624,1949256.598076792,222.9272655612361
2015-04-16,227.69,228.88,230.75,225.87,8467.73811149,1936433.191251181,228.1860933700347
2015-04-17,228.8,223.92,229.29,220.46,7401.94782316,1656950.592346812,224.09691018919443
2015-04-18,223.92,224.07,224.07,222.18,4434.3612326,990230.623921875,223.44919723536108
2015-04-19,224.07,225.29,226.72,223.44,5719.06396461,1284694.141598213,224.6987192484653
2015-04-20,225.28,226.29,227.45,223.47,8354.29222848,1883539.9523421188,225.37591463069444
2015-04-21,226.29,236.25,236.5,224.01,10303.29548879,2366003.1826028717,228.68142058769445
2015-04-22,236.25,234.92,238.6,233.05,6835.70922958,1612445.433397596,235.857889759625
2015-04-23,234.9,234.17,236.93,232.11,7534.65033742,1769915.235579187,234.98487896590277
2015-04-24,234.17,229.9,234.34,229.54,6809.37526202,1580162.2003612786,231.99404640969445
2015-04-25,229.96,221.68,231.14,220.0,6468.93150361,1463050.736504142,228.1698466307014
2015-04-26,221.68,221.52,223.05,215.56,8798.76734031,1932541.099948565,219.76915620686805
2015-04-27,221.52,226.81,231.11,218.78,12147.82408401,2717983.507639281,223.34052148713195
2015-04-28,226.79,225.82,227.55,220.46,6958.84096091,1564404.178573032,225.01797279386807
2015-04-29,225.79,225.52,227.3,220.2,7648.37474471,1722358.688262131,225.03773426075693
2015-04-30,225.51,237.58,240.0,225.17,11950.02402929,2797579.5331082516,233.71498559287502
2015-05-01,237.59,234.14,238.45,233.0,10700.06032972,2516207.527537431,235.3737880347014
2015-05-02,234.14,236.74,237.15,233.51,5886.68236997,1388607.656307955,235.54078716202085
2015-05-03,236.92,240.74,242.97,236.53,6780.12981183,1631796.814840164,240.50937590083333
2015-05-04,240.74,236.22,243.99,235.7,9637.10577559,2316070.906761913,240.45314916345836
2015-05-05,236.2,235.68,237.87,232.0,9397.1639111,2211410.290999715,235.38228220784723
2015-05-06,235.78,230.46,236.77,228.38,8831.48675548,2060414.2314879347,233.98808322014585
2015-05-07,230.57,237.59,239.18,228.67,8460.58132929,1984016.7729680615,233.7077915381736
2015-05-08,237.59,245.9,247.06,236.35,9010.96945374,2193083.971239632,241.5976325826736
2015-05-09,245.86,242.69,247.6,240.0,6286.55381888,1528171.3670335405,242.9187946946736
2015-05-10,242.68,240.86,244.89,239.63,4570.46866649,1105468.96122308,242.1124008179375
2015-05-11,240.86,241.21,245.49,239.5,8280.82894264,2007489.1777720104,242.20625417529166
2015-05-12,241.21,242.67,243.0,240.37,6816.78240349,1651434.903032365,242.22939757576387
2015-05-13,242.68,236.93,244.13,235.54,11742.74989715,2832250.9168382916,241.84383537247223
2015-05-14,236.91,237.99,240.0,232.61,9888.91277443,2349391.063832371,237.39977179074998
2015-05-15,237.98,237.34,239.0,236.89,9836.17895237,2339257.137383766,237.8658496377014
2015-05-16,237.33,237.27,237.99,235.48,2689.12705471,638135.4364672418,237.17510759343054
2015-05-17,237.27,236.83,238.45,236.62,6070.33371928,1441100.7338033249,237.3785694762153
2015-05-18,236.8,234.19,237.89,231.66,7663.33766491,1806386.165987267,236.00628955584722
2015-05-19,234.22,233.58,234.92,231.53,7684.34740602,1791978.1676323921,233.3055457547222
2015-05-20,233.58,234.63,235.0,232.62,6998.41668295,1638496.8014890358,234.11338116752083
2015-05-21,234.64,236.74,236.74,234.47,6583.21625939,1552060.026616803,235.82220540432638
2015-05-22,236.68,240.08,242.0,235.11,8364.97337804,2000093.9272447608,238.1895614219028
2015-05-23,239.79,239.69,240.64,238.49,3989.79645208,956098.5062735128,239.78126845606252
2015-05-24,239.66,240.53,242.0,238.27,4296.08968473,1033218.5805017399,240.28597903225693
2015-05-25,240.53,237.3,241.4,236.71,4688.6238837,1115945.9712967768,238.3345727300278
2015-05-26,237.49,236.99,238.34,235.81,7114.574802,1689698.2262521733,237.51268944545137
2015-05-27,236.99,237.97,238.75,236.47,6707.83328406,1593506.760610461,237.6916377482639
2015-05-28,237.95,237.15,238.48,236.23,6768.90002509,1606281.1014063875,237.31764901124305
2015-05-29,237.15,236.06,237.68,235.01,6317.51364428,1495031.884436007,236.67538206227084
2015-05-30,236.1,233.7,236.16,231.0,6897.59499156,1610446.9139039186,233.61005984778473
2015-05-31,233.7,230.84,233.79,229.16,7148.42626254,1655799.90778997,232.07616968525693
2015-06-01,230.79,222.89,230.99,221.58,10633.79792222,2395551.225019395,226.36168255906247
2015-06-02,223.06,226.26,227.45,221.84,9182.37934165,2067822.445515873,224.96934301932637
2015-06-03,226.26,225.1,227.0,223.82,6619.97956404,1495468.702487558,225.84063593755556
2015-06-04,225.09,223.74,226.0,223.56,6421.48271179,1444993.2526029407,225.11726746106947
2015-06-05,223.74,224.76,226.74,223.01,6913.29455354,1555880.308343741,224.8649701310903
2015-06-06,224.76,225.61,226.09,224.27,4193.87481903,944027.3782293239,225.10304887825
2015-06-07,225.58,224.12,225.82,222.88,4156.29919693,932229.6050424848,224.47582271652084
2015-06-08,224.2,228.63,230.16,223.92,7905.0345757000005,1799966.2946884774,227.09980004615278
2015-06-09,228.67,228.97,232.06,228.34,6292.38978355,1448532.3985808773,230.01285048204167
2015-06-10,229.0,229.9,230.45,227.98,6389.5207971,1463456.4518622153,229.08438235786804
2015-06-11,229.9,229.43,230.92,229.01,6389.57135691,1467858.9179580705,229.7875801474375
2015-06-12,229.42,230.28,231.32,228.79,5935.16845985,1365733.346023741,230.02748673239586
2015-06-13,230.17,233.4,233.62,229.59,4654.77550065,1079301.4971806458,231.37475950236808
2015-06-14,233.4,235.36,235.91,233.23,3836.4564187299998,898277.0155148581,234.09633785879862
2015-06-15,235.36,237.14,238.5,234.57,6733.58323954,1593306.169917646,236.1639736270278
2015-06-16,237.15,249.46,254.63,236.72,11161.13628371,2747667.2100991695,244.37929586947914
2015-06-17,249.4,248.55,259.46,247.0,10123.9572539,2549997.542999189,251.72828037165277
2015-06-18,248.57,249.46,253.29,243.51,7717.41184559,1925474.447312492,249.2381538383611
2015-06-19,249.46,242.64,251.05,242.07,6234.96277843,1543815.033727718,247.75575343693748
2015-06-20,242.65,244.87,246.99,240.46,4860.30141523,1186715.906337889,243.96122637331945
2015-06-21,244.87,245.04,246.98,242.0,4418.40463575,1079886.9381359569,244.5671369407847
2015-06-22,245.09,247.98,248.5,244.14,6120.63131245,1510168.663053348,246.5597866840764
2015-06-23,247.99,243.52,248.01,243.01,5754.25552348,1407953.424729002,244.7329637264653
2015-06-24,243.52,241.44,243.91,239.51,5610.48809171,1355909.8057678181,242.03195663159025
2015-06-25,241.42,242.64,243.44,240.12,6353.2119451,1538863.682391157,242.1580203184722
2015-06-26,242.69,242.87,243.46,239.91,6560.66252629,1587039.8222365421,242.04734061671527
2015-06-27,242.85,251.61,252.22,242.83,5923.67421361,1469414.364788463,247.11465723615973
2015-06-28,251.63,251.56,251.63,247.51,5157.90595674,1288926.5366626412,249.88616801770138
2015-06-29,251.53,259.17,260.08,249.74,11697.09783489,2986673.685169923,254.62566304628473
2015-06-30,259.16,262.19,269.39,259.15,11687.46287604,3086021.2208015206,264.03469482599303
2015-07-01,262.18,260.22,262.56,255.12,8694.09410238,2252063.807606564,258.902571431118
2015-07-02,260.07,256.25,260.7,253.0,18773.97412642,4819043.368185812,256.4427191608195
2015-07-03,256.25,254.99,257.39,252.77,5228.41682306,1335484.8517836966,255.31118116061808
2015-07-04,254.99,261.81,262.86,254.4,4484.07673261,1157705.949820462,257.98605550266666
2015-07-05,261.83,268.51,275.25,258.99,9439.52126918,2531594.502283318,265.3354102056667
2015-07-06,268.54,271.69,277.88,268.3,10241.87372898,2798345.598769578,272.72177118040275
2015-07-07,271.74,265.59,271.9,264.41,6938.91630351,1856301.781794621,267.6352135005903
2015-07-08,265.59,269.63,273.97,264.86,8738.24355142,2359131.95040239,269.4686182133195
2015-07-09,269.64,270.82,272.5,268.45,6700.62205895,1812283.077162658,270.48677040829864
2015-07-10,270.78,286.94,294.71,269.73,16298.3078113,4662458.424811332,283.8221325165
2015-07-11,286.59,303.1,303.99,286.59,10467.71780492,3092095.170739837,293.95651235550696
2015-07-12,303.11,307.41,316.52,298.21,11733.13993289,3621042.384769193,307.4945710564028
2015-07-13,307.13,293.21,309.02,281.62,13054.15811029,3799548.918462034,292.1512995603055
2015-07-14,293.2,290.08,297.78,286.25,6794.03493553,1978584.156870744,290.9533668300139
2015-07-15,290.08,289.07,294.11,284.98,8335.1359228,2420315.104882594,290.8742913945486
2015-07-16,289.07,278.34,289.58,275.0,8460.62346659,2367731.484573812,280.91975270518054
2015-07-17,278.33,279.15,281.38,272.64,7039.39586479,1959490.500239137,278.04419957484726
2015-07-18,279.12,278.47,282.71,276.34,4388.47878028,1222966.3292130444,278.65617398390975
2015-07-19,278.47,276.75,278.48,273.34,4428.67070766,1222807.379930699,276.3946485487431
2015-07-20,276.68,281.04,281.15,276.45,5948.34042623,1656877.498891495,278.38851112481944
2015-07-21,281.04,276.91,281.27,276.01,5003.69321001,1396021.167312799,279.1115490691736
2015-07-22,276.85,277.89,279.75,275.01,5032.70868895,1395558.109810276,277.24135012717363
2015-07-23,277.88,276.99,278.62,276.28,5300.58571092,1469711.5627783188,277.3530024722847
2015-07-24,277.0,289.06,291.52,277.0,7809.62095234,2233393.608246936,285.2728215292847
2015-07-25,289.05,289.55,291.67,287.62,4169.6949967,1206940.5083734614,289.3803419385694
2015-07-26,289.54,292.95,294.96,288.65,4585.55135331,1341364.6515329436,292.03309031264587
2015-07-27,292.88,295.23,297.87,287.24,7333.7060304,2145926.128420662,292.0199085796042
2015-07-28,295.23,295.33,298.0,293.69,5649.62960743,1671183.240555157,295.8227615159167
2015-07-29,295.33,289.72,295.33,288.24,5359.00261855,1559981.3932140516,290.9701740462222
2015-07-30,289.72,288.31,291.56,286.56,5465.4720035,1577278.944354225,288.53689566595835
2015-07-31,288.31,283.66,288.81,282.25,5995.93230149,1709751.514875315,284.921224392125
2015-08-01,283.78,279.84,284.0,277.26,4320.70739673,1212136.5125297895,280.5509703798264
2015-08-02,279.9,280.6,282.62,277.33,4080.84666061,1146365.5229017744,280.818868722875
2015-08-03,280.59,284.49,285.86,280.11,5739.92960845,1626552.281454238,283.31044619754863
2015-08-04,284.48,285.5,286.47,282.0,5537.08806512,1578916.2475483315,284.9361567550903
2015-08-05,285.51,282.08,285.56,281.08,6198.86027083,1754570.549620636,283.09500188899307
2015-08-06,282.26,277.84,282.31,277.3,5605.69729327,1568360.659124678,279.8842539072639
2015-08-07,277.84,279.45,281.17,277.05,5023.69120683,1404563.205098463,279.5374630182153
2015-08-08,279.55,263.24,279.67,260.07,7026.58830342,1890548.450714634,271.14567747365976
2015-08-09,263.63,267.3,268.89,262.01,5058.79101009,1345470.6284604,265.7917267532569
2015-08-10,267.3,266.51,267.34,263.17,5486.28324263,1455354.338080722,265.5710659157014
2015-08-11,266.49,272.24,272.35,265.12,6621.48158545,1773843.444949777,267.68481402329166
2015-08-12,272.01,265.81,272.4,265.79,6127.52015684,1645354.775529736,268.4568398082292
2015-08-13,265.8,263.28,266.4,262.5,5806.75979018,1538122.2624872099,264.695943372
2015-08-14,263.21,266.77,267.98,263.05,7060.41839309,1879675.3384155713,266.1169967003472
2015-08-15,266.77,261.72,267.69,260.11,4660.41092297,1235655.594594154,265.64123277474306
2015-08-16,261.95,259.65,262.06,255.67,6182.47984768,1603525.243903201,259.63059983263196
2015-08-17,259.67,256.84,261.57,255.48,7487.60938156,1934043.249891652,258.19699764734725
2015-08-18,256.83,231.07,257.29,200.0,14458.76976245,3492086.990764014,250.11130974676388
2015-08-19,231.23,233.75,237.98,222.11,11884.89293111,2747032.4510671804,232.11169228694445
2015-08-20,233.75,236.07,238.2,230.27,8846.13338415,2075464.5001680157,234.54136069091666
2015-08-21,235.89,234.22,236.99,231.15,8203.79319452,1921517.1846792465,234.36141577393752
2015-08-22,234.23,232.75,234.44,222.68,7151.28689051,1634924.0236902628,230.23611149768055
2015-08-23,232.77,228.63,233.08,225.22,5475.0145398,1254401.919633464,229.68378383550694
2015-08-24,228.65,205.5,228.85,198.02,22638.58118337,4839220.808524972,217.48515694384028
2015-08-25,205.5,220.56,229.49,203.78,14688.9043895,3215994.507705589,218.82819421883332
2015-08-26,220.57,225.04,231.97,220.16,9825.99578748,2232648.834613803,226.65777474722915
2015-08-27,225.02,224.94,229.99,221.2,8437.55393643,1908922.603701663,226.07700461924998
2015-08-28,224.81,231.81,236.18,223.0,9458.61200141,2186666.515987148,229.99162655603473
2015-08-29,231.95,231.55,233.95,228.0,4815.1260600900005,1110789.7097360287,230.7355970419514
2015-08-30,231.55,227.9,232.15,226.59,5400.71390729,1234373.6521022404,228.78269103555556
2015-08-31,227.89,229.9,233.5,225.23,7977.4554983,1838835.5277236726,229.9954337936597
2015-09-01,229.91,226.91,230.51,226.42,8558.63334447,1953147.3316257582,228.20249753134723
2015-09-02,226.9,229.51,231.43,226.43,7999.4658953,1835178.8801927434,229.06755663574307
2015-09-03,229.51,227.62,230.1,226.48,7111.21946438,1619532.1649629625,227.87209989553472
2015-09-04,227.97,230.96,232.49,227.62,7726.36026484,1780639.4833598875,230.35031502561108
2015-09-05,230.93,242.5,243.75,230.5,7512.47506609,1768926.5393238447,234.32356165753473
2015-09-06,242.6,241.06,244.82,238.88,5448.10155977,1316159.7692278407,241.3371055431736
2015-09-07,241.07,242.51,243.95,239.21,5922.94894113,1428490.0594401201,241.03979946833334
2015-09-08,242.51,244.66,247.82,241.93,8619.01459986,2104733.3335432773,244.1464324565972
2015-09-09,244.66,238.84,244.69,238.6,7084.01859696,1703057.8184599322,240.440479141125
2015-09-10,238.85,241.03,241.4,236.69,6604.7298668,1579591.455829895,239.21415080031943
2015-09-11,241.11,240.43,241.54,239.33,6173.21343273,1485277.563924834,240.64965533043056
2015-09-12,240.39,236.1,241.12,235.03,5640.73960565,1342525.2379145685,238.32359554565275
2015-09-13,236.11,229.99,236.47,229.22,6330.1330135,1469940.7816364767,232.84562243368055
2015-09-14,229.98,231.55,233.99,228.01,8180.5533873,1893447.368821654,231.2579481049375
2015-09-15,231.53,231.93,232.3,230.26,7730.69367386,1786070.6775987453,231.1309147627639
2015-09-16,231.92,230.49,231.94,226.85,7965.4570732,1825964.8120944835,229.2484734837639
2015-09-17,230.32,233.48,235.93,229.01,7877.03239928,1830865.361553086,231.95198004640972
2015-09-18,233.5,233.66,234.5,231.75,6752.23510494,1576367.9150696616,233.3981328897639
2015-09-19,233.63,232.48,233.91,232.0,3471.99613926,808197.576440336,232.8307481581528
2015-09-20,232.46,231.93,234.0,231.84,4511.61362714,1049183.0460412093,232.5535771692639
2015-09-21,232.0,228.4,232.56,226.87,9052.61046986,2067743.472169716,228.31278680979165
2015-09-22,228.34,231.99,233.0,224.45,9583.73208182,2207709.9505892633,230.33911146512503
2015-09-23,232.0,231.44,232.22,229.27,7052.41420126,1628310.8999912536,230.92862214622917
2015-09-24,231.44,234.36,235.99,231.0,9888.82307717,2306643.406906329,233.35520616856945
2015-09-25,234.33,236.03,237.62,234.2,6993.95202632,1651583.7683880995,236.21246457498611
2015-09-26,236.03,234.75,236.03,233.5,4338.1062723000005,1018652.3408791114,234.83034821872224
2015-09-27,234.8,238.41,238.98,233.2,4519.10036447,1058875.5214718042,234.06503310312502
2015-09-28,238.42,239.65,241.05,237.0,9451.07499082,2258657.7436739155,238.93130345136808
2015-09-29,239.64,238.7,240.98,236.65,6545.73279728,1560700.4002335519,238.47992962602777
2015-09-30,238.71,238.12,238.75,236.26,5861.85891096,1392278.7564544633,237.47919338127778
2015-10-01,238.11,238.97,239.86,236.97,6404.58681172,1527145.543580624,238.2826541685764
2015-10-02,238.97,238.59,239.32,236.97,6742.69622257,1607309.4788720838,238.41871965767362
2015-10-03,238.6,239.88,240.62,238.15,4801.26975245,1150433.5844970776,239.55132884628475
2015-10-04,239.84,239.83,240.28,238.88,5056.420961,1211854.948186709,239.69491314561807
2015-10-05,239.83,241.35,241.57,237.5,8536.17413417,2045868.7080809632,239.71102538852776
2015-10-06,241.34,247.73,248.0,240.83,11728.64015048,2879437.7496597082,244.79992423260418
2015-10-07,247.73,245.19,247.73,240.2,9343.57953498,2291220.477291651,245.28859716472223
2015-10-08,245.22,243.42,245.38,241.1,6218.20538559,1516697.2551759717,244.06946112181248
2015-10-09,243.41,245.39,245.39,243.17,5217.69390655,1275127.4475000186,244.34279216043058
2015-10-10,245.38,245.79,246.62,243.8,4483.89962285,1100736.9743666195,245.3256778593264
2015-10-11,245.79,248.99,250.0,245.63,5259.17267438,1303589.5921176295,247.20573966908333
2015-10-12,248.82,245.43,249.14,244.86,6407.00309431,1582997.2677575427,247.12073849688196
2015-10-13,245.39,250.55,251.73,245.34,7956.76253831,1987726.569891081,249.43208323272916
2015-10-14,250.53,255.22,256.77,250.25,8347.62200537,2112969.902334724,252.72173152466667
2015-10-15,255.23,255.91,256.79,253.29,7167.29989445,1830655.9494317963,255.26698358858334
2015-10-16,255.94,267.05,268.98,255.52,10234.45027503,2685693.2317350116,261.87964810149305
2015-10-17,267.05,270.86,274.81,264.18,10920.07251366,2952562.6610039715,270.7855305164792
2015-10-18,270.85,267.21,272.5,262.94,6386.3345302,1703431.4662515824,267.55716893458333
2015-10-19,267.22,265.29,268.23,262.05,6595.59101034,1748187.777777876,265.0921444701042
2015-10-20,265.29,271.27,272.95,264.38,10427.98736665,2804300.274946157,268.8217563339514
2015-10-21,271.28,268.9,271.62,265.0,6901.62176756,1855332.1607817353,268.7762066526042
2015-10-22,268.88,276.03,280.0,268.82,9717.68905987,2671935.9548872956,274.32615610625
2015-10-23,276.03,281.86,281.98,275.79,6917.70367102,1926963.1350342755,278.65256135066664
2015-10-24,281.86,288.04,290.0,279.87,6767.15386421,1913612.1816271807,281.9484991265972
2015-10-25,288.04,285.59,295.93,283.28,10387.70542701,3016367.987943341,290.17103932022223
2015-10-26,285.61,288.47,293.76,282.04,8256.12628882,2364156.321375615,285.872503252625
2015-10-27,288.45,302.3,303.6,287.75,12456.57947028,3681903.715775401,294.16745338063197
2015-10-28,302.3,305.29,308.93,296.88,14766.43554381,4469498.381515109,302.9401490724861
2015-10-29,305.32,329.65,329.99,305.25,15182.00042286,4796128.278572642,313.4845749858264
2015-10-30,329.65,331.2,336.97,316.49,14138.22280987,4637357.800188737,328.3607720090209
2015-10-31,331.17,313.83,331.45,306.29,15587.51142528,4946145.527636907,320.87019342184027
2015-11-01,313.83,331.14,332.0,311.44,11649.87808234,3768598.026959359,322.01737097908
2015-11-02,331.13,380.0,380.91,326.5,24533.40625485,8726263.689806083,347.35974000720137
2015-11-03,379.97,447.48,452.0,367.49,45335.08318689,18298874.08188958,398.7748819683056
2015-11-04,447.49,418.0,499.99,368.15,47662.05085805,21042019.338580076,449.34020158805555
2015-11-05,417.5,359.34,421.12,352.0,25182.0140741,9735305.026167812,388.6771828752014
2015-11-06,359.39,382.72,395.0,351.0,15690.83347339,5890447.438853437,374.7896822787569
2015-11-07,383.3,387.54,392.0,372.24,7692.13903901,2967468.525405301,385.88041715437504
2015-11-08,387.15,370.07,388.83,360.8,9725.20730462,3643455.909196616,379.20049434752775
2015-11-09,370.06,377.65,386.96,366.02,9701.76964719,3663487.709482743,377.03178226242363
2015-11-10,377.63,312.98,382.23,293.32,22852.11821661,7723422.81041947,353.7330149305139
2015-11-11,312.98,318.72,326.99,302.42,13035.38926408,4109525.6467931597,315.71544926505555
2015-11-12,318.72,340.4,344.99,317.99,15354.67844194,5102964.389469962,332.8893352720764
2015-11-13,340.53,337.33,341.55,325.0,9217.60483223,3077940.800186983,333.83646872011803
2015-11-14,337.3,332.89,339.57,329.4,5784.73975549,1933393.9480650355,334.50583891422224
2015-11-15,332.89,320.0,335.92,316.12,7409.82005351,2408636.334855603,327.6261531560833
2015-11-16,319.95,336.94,340.72,319.8,8781.64646888,2894801.64530867,327.1732556388542
2015-11-17,336.94,334.98,338.87,332.36,5849.4689568,1963300.0043794743,335.5966427407361
2015-11-18,335.03,334.35,338.0,330.0,5956.71878887,1991782.715088036,334.1906708810694
2015-11-19,334.35,317.0,335.28,311.23,8596.56843878,2790094.943386072,328.08256492506945
2015-11-20,316.87,321.9,325.0,315.13,8073.31158789,2589240.4688867712,320.8192544520764
2015-11-21,321.93,326.73,328.0,321.43,4314.04137119,1406045.8649804,326.0274614181875
2015-11-22,326.73,322.84,326.92,321.0,4200.42259482,1359046.0089077787,323.821578665882
2015-11-23,322.86,320.22,326.0,318.0,5257.54376246,1699280.4616287006,323.16273626890273
2015-11-24,320.22,318.42,323.17,316.26,5894.70359194,1890338.3862184933,321.12473691175694
2015-11-25,318.4,333.57,334.36,318.17,8629.38601117,2819431.8665138516,325.49743606923613
2015-11-26,333.57,350.58,368.18,332.0,13389.29440063,4681337.3982949685,347.1610395335
2015-11-27,350.6,355.55,364.46,348.04,8141.82086735,2908422.6316714548,356.9174101231528
2015-11-28,355.55,354.8,359.63,352.0,4680.6017534,1664753.815512849,355.49335737395137
2015-11-29,354.79,376.53,379.56,354.26,8114.61703824,2994755.011687093,364.5825561383819
2015-11-30,376.52,378.6,382.87,367.5,10008.40370485,3766057.0886698985,376.72859855895837
2015-12-01,378.59,351.22,378.72,347.55,11243.95474355,4050181.282143717,362.4869361952014
2015-12-02,351.22,368.1,369.99,351.22,7610.8543478,2734993.869140261,357.94207736024305
2015-12-03,368.1,360.17,369.98,355.43,6858.37888361,2483822.225867024,362.14005848799997
2015-12-04,360.17,371.51,374.0,358.41,6877.03510875,2505070.178920124,362.92657189733336
2015-12-05,371.53,393.8,397.0,368.74,9772.20549579,3744674.234709252,380.05167969111113
2015-12-06,393.82,387.87,401.01,375.22,8056.6869787900005,3155518.12239643,391.4788239342222
2015-12-07,388.18,394.9,397.57,385.0,7646.00523615,3008616.696379359,393.09333993091667
2015-12-08,394.92,416.56,420.0,386.69,11984.4631629,4858011.803550707,399.4080615791181
2015-12-09,416.55,414.92,425.0,401.0,10662.52638007,4419212.431387674,415.65509042706253
2015-12-10,414.93,424.19,425.0,408.0,7289.79501789,3038383.8657594207,416.2389629012639
2015-12-11,424.19,427.63,469.34,420.57,25824.25272131,11471960.19610885,439.9936138244792
2015-12-12,427.61,430.93,439.01,403.0,17844.90008019,7611129.316541497,429.2696452211667
2015-12-13,431.04,438.46,443.83,429.12,7469.47026252,3259155.67119719,436.5849293188542
2015-12-14,438.45,453.73,458.8,434.91,167445.09899866,74363973.1796561,444.6859866988611
2015-12-15,453.73,451.02,464.95,440.0,11602.35249327,5306542.793183484,458.66741554822914
2015-12-16,451.03,451.98,461.11,445.48,33670.16007458,15318973.927172618,453.49553665965277
2015-12-17,451.98,455.71,456.33,451.01,6356.64726325,2888899.480522034,454.57726798197916
2015-12-18,455.71,464.3,465.1,453.28,6507.10960726,3002262.340780298,461.06524680103473
2015-12-19,464.3,458.32,465.6,451.58,7113.3008727,3273714.322161482,461.67373815747914
2015-12-20,458.39,436.69,459.61,424.66,10271.74552404,4526423.699316369,446.74014935714587
2015-12-21,436.85,437.58,444.44,432.91,6068.01863389,2652997.3978464953,437.6112013401528
2015-12-22,437.58,436.99,442.0,428.29,7554.40584013,3293899.362997115,436.6607336080486
2015-12-23,436.99,456.43,458.87,434.52,8122.89874781,3601567.873690713,442.30140821140975
2015-12-24,456.41,458.48,460.0,452.72,5711.77265398,2606128.09104215,456.4147651186805
2015-12-25,458.48,446.59,458.99,442.79,4370.91965225,1982913.2429374496,454.63597688208336
2015-12-26,446.59,421.78,446.59,410.0,14062.5563478,5976888.191328976,426.79057573166665
2015-12-27,421.79,429.48,429.9,418.02,5405.95426219,2295494.123325054,424.4907269093681
2015-12-28,429.66,423.47,429.9,418.0,6830.35773781,2893474.528444713,424.31578212220137
2015-12-29,423.43,432.74,434.99,419.31,6653.72943332,2849476.062637699,427.33478554878474
2015-12-30,432.73,426.59,434.85,422.35,5133.2591733,2197481.7184509025,428.7362271546458
2015-12-31,426.68,436.12,437.15,419.04,6494.54293454,2782882.957035052,428.35175887334725
2016-01-01,436.12,435.0,437.56,427.92,4255.82303646,1846281.711362468,433.9814651645764
2016-01-02,434.98,433.56,436.6,432.07,3444.10790321,1497900.8663957082,434.8218847185903
2016-01-03,433.56,433.23,434.98,425.02,3913.03475268,1684431.8957818933,431.1986049277083
2016-01-04,433.23,434.31,435.79,431.76,6628.92743508,2877720.390429292,433.91455866942357
2016-01-05,434.41,430.55,434.41,428.15,5935.63617454,2567392.1810688595,432.71194477963195
2016-01-06,430.5,439.98,444.98,430.21,7192.93517866,3124728.9497095286,432.96799090731946
2016-01-07,439.97,457.5,464.4,439.97,13920.62605658,6345055.510281485,454.9234777827917
2016-01-08,457.5,451.28,458.6,447.53,6885.09483302,3127168.923918898,455.0208880582361
2016-01-09,451.39,448.0,454.03,445.29,4253.09931346,1916757.38469197,450.72254181681944
2016-01-10,448.0,451.75,452.65,442.96,4673.52372576,2094944.9293794397,447.618732139625
2016-01-11,451.83,447.51,451.99,445.88,5656.56093883,2534298.6513264775,448.06483939402773
2016-01-12,447.51,431.69,448.98,425.0,8450.451614,3724821.1001278027,444.1253598265903
2016-01-13,431.67,433.0,435.27,425.23,7278.88809272,3137945.9309503217,431.33132424726386
2016-01-14,433.02,415.88,433.66,410.0,10806.091841810001,4585219.220149272,429.4590523422222
2016-01-15,415.67,371.77,416.43,357.0,30787.58688487,11875453.753360808,389.5792392160694
2016-01-16,371.77,385.34,391.0,350.92,15807.54430487,5937477.602116902,374.6530732392153
2016-01-17,385.29,376.95,387.18,372.0,7645.41542082,2922915.2964062644,382.5342536225833
2016-01-18,377.04,383.63,386.1,370.1,8534.76649934,3250842.9791245386,381.0441529265625
2016-01-19,383.64,379.99,385.5,369.0,9214.78559455,3480692.085617998,379.76550792134026
2016-01-20,379.79,414.58,425.1,376.47,14523.58934019,5889449.592599833,400.05647820189586
2016-01-21,414.57,396.47,418.42,395.36,9979.00507052,4072288.8534156913,410.6401147350556
2016-01-22,396.48,395.0,401.34,373.86,12634.7354309,4908342.393839302,390.6809481175972
2016-01-23,395.0,389.5,396.12,382.55,5919.86074166,2308284.0476508257,389.97437357414583
2016-01-24,389.66,398.62,406.93,388.59,6164.51382902,2467991.5371983466,398.8399202919375
2016-01-25,398.59,391.99,401.88,386.41,7696.60945001,3028966.8734103874,394.96021291217363
2016-01-26,391.83,393.53,397.0,387.78,7356.64237956,2890803.326720016,393.1689302968542
2016-01-27,393.59,382.56,397.18,377.12,9107.74026585,3563227.1219423683,393.60197972004164
2016-01-28,382.56,374.91,385.16,363.25,9509.98386549,3596111.158852345,380.81021445727083
2016-01-29,374.96,378.77,385.05,370.81,9406.648733170001,3554064.5459219664,378.42563696622915
2016-01-30,378.77,381.25,382.04,376.53,4144.94640735,1571573.5155685756,379.2897009307222
2016-01-31,381.22,373.5,382.5,365.0,6825.8404682400005,2558249.469498263,377.7345481149861
2016-02-01,373.79,373.42,379.0,368.11,7197.18918477,2682364.305802917,373.5358313951111
2016-02-02,373.48,372.41,374.41,368.2,8141.9961525,3034483.086669427,372.84019269825
2016-02-03,372.36,369.84,373.0,365.63,7157.08165192,2647652.868013328,370.6384388768264
2016-02-04,369.85,385.89,390.63,369.49,8880.71318924,3402073.4993034573,380.6044671815486
2016-02-05,385.84,375.68,389.36,374.98,8026.55365215,3082646.4313839497,384.44250565089584
2016-02-06,375.68,376.39,377.21,370.05,5476.58515207,2051935.2423039095,375.02746045207635
2016-02-07,376.36,378.4,379.81,373.24,4372.65771558,1648356.6977747818,377.07491122606945
2016-02-08,378.39,371.06,379.35,370.5,8295.11897309,3100469.9053503913,374.7569334364028
2016-02-09,371.09,374.19,374.95,370.13,9270.01059154,3452824.949034492,372.3009524392014
2016-02-10,374.2,376.29,383.34,373.75,10922.88836314,4119781.706264074,377.0575963703264
2016-02-11,376.21,379.25,379.4,361.1,9158.51702624,3433864.579151095,375.58782524723614
2016-02-12,379.24,388.42,391.49,378.95,6906.77447196,2641392.2752469815,381.6836504158541
2016-02-13,388.66,396.72,398.82,387.43,6830.68826426,2677804.181373067,390.4889619479444
2016-02-14,396.72,404.91,409.09,395.95,7389.04068003,2969949.268575863,401.0311470659653
2016-02-15,404.91,400.5,406.87,394.03,5815.8405336099995,2329828.7713373876,401.24203129436114
2016-02-16,400.78,408.92,409.0,390.0,6623.15489689,2684267.8460401585,404.58050195742356
2016-02-17,408.91,418.76,420.13,408.5,8839.41576498,3686689.573513133,416.5131425423889
2016-02-18,418.54,421.32,423.2,415.01,5957.32575628,2502165.1697769123,420.37536489588894
2016-02-19,421.34,423.99,424.41,416.0,7504.775579,3153806.7908895332,419.8353862736042
2016-02-20,423.99,439.23,444.03,423.48,8586.33509761,3740993.4874589783,434.4937272283125
2016-02-21,439.22,435.54,448.7,426.01,7172.49313726,3129843.6543391165,437.2882198132917
2016-02-22,435.54,439.08,440.9,432.36,5996.58056287,2623706.2013861225,437.1188638972292
2016-02-23,439.03,421.09,439.2,414.16,9026.40605768,3817595.8112001494,423.40082697586115
2016-02-24,421.08,421.52,426.44,410.0,7308.2061263,3081242.066059246,421.4753340982778
2016-02-25,421.6,421.58,425.5,418.6,6155.30133043,2599029.656626082,422.3742460837014
2016-02-26,421.57,431.86,434.97,421.1,7598.19824198,3240364.098782268,425.8144510215903
2016-02-27,431.91,425.92,433.71,423.0,5544.32917844,2385316.8866749154,430.7299250290972
2016-02-28,425.9,436.75,438.45,425.33,5475.76712306,2373345.0484991763,431.51875802611806
2016-02-29,436.8,435.05,442.0,433.36,7899.81828391,3448145.8241439606,436.3575603927361
2016-03-01,435.02,434.71,435.91,427.5,7233.25838014,3129074.091001958,433.03424426583337
2016-03-02,434.77,414.32,434.88,408.63,10637.42974037,4510054.456373409,427.5331072003056
2016-03-03,414.3,421.4,422.8,410.1,9817.21321379,4104788.539292276,418.7877536499792
2016-03-04,421.43,407.09,422.21,396.45,11095.124556409999,4555766.616133538,413.9709998298541
2016-03-05,407.13,397.68,407.75,381.09,13427.42207891,5294916.894237697,396.4735410926736
2016-03-06,397.83,403.86,409.27,393.0,7924.89034388,3196229.3779498874,403.50366423401385
2016-03-07,403.86,414.63,418.74,402.91,9676.01031602,3971050.824676879,409.61851533268054
2016-03-08,414.63,410.51,415.93,407.4,7167.14055601,2947304.367688457,411.5121247805972
2016-03-09,410.59,411.48,414.0,409.5,6103.98040372,2513969.39078934,411.66703889206246
2016-03-10,411.47,416.71,418.0,411.03,8057.06787202,3342802.540433619,414.4728058292569
2016-03-11,416.67,413.93,421.3,413.21,7526.16272428,3151568.894319707,419.0819845266319
2016-03-12,413.93,411.87,417.41,406.52,6783.73119184,2791221.6045197397,412.2642937562083
2016-03-13,411.79,414.57,416.38,411.73,4735.29874451,1957449.1425248396,413.54207891925364
2016-03-14,414.57,415.38,416.94,411.61,7137.44236832,2954899.4325702926,414.0243012676528
2016-03-15,415.33,414.3,416.5,412.48,7234.12097989,3003073.228805021,415.25449241704166
2016-03-16,414.3,417.51,417.79,413.0,6525.71376374,2710336.204241486,415.192615514993
2016-03-17,417.5,417.1,419.75,416.53,6433.25133553,2691454.4970456664,418.3435544824792
2016-03-18,417.21,409.63,417.92,399.21,8602.98386888,3528997.956101258,411.6036144423055
2016-03-19,409.61,409.74,412.78,404.72,5236.60469764,2138617.1100602737,408.65896192072915
2016-03-20,409.73,408.12,415.34,406.89,5062.8280346,2082757.562801162,411.33589070290276
2016-03-21,408.11,415.0,415.0,407.1,6220.64378394,2554275.1227950873,410.16695358226394
2016-03-22,415.0,417.33,417.79,414.49,5914.61648105,2462713.5469353,416.40141991985416
2016-03-23,417.42,415.99,418.99,413.95,5779.36161687,2408902.7817152445,417.0588508278472
2016-03-24,415.99,413.77,416.9,410.0,5517.17628851,2288195.9070838643,415.12183128359726
2016-03-25,413.78,417.43,417.77,412.82,4462.75145812,1855091.841272536,415.5632577572639
2016-03-26,417.4,416.63,417.69,414.37,3599.35970096,1498654.1803002462,416.468706224757
2016-03-27,416.72,424.11,426.5,416.58,5440.80349796,2300980.800169595,421.0642285564027
2016-03-28,424.1,423.91,424.62,419.63,6252.3357361299995,2641904.210416056,422.69579392077776
2016-03-29,423.91,414.9,424.33,407.75,7307.1915699,3032618.9628527826,416.9730444629167
2016-03-30,414.88,415.53,416.0,407.56,5858.76122119,2418356.4701392404,413.2904771549028
2016-03-31,415.53,416.53,417.6,412.98,5454.39891667,2265955.501143124,415.3990926458056
2016-04-01,416.53,418.46,420.5,414.12,6045.36962949,2520996.737779417,416.76379738636115
2016-04-02,418.34,419.83,420.38,417.04,3384.3412754,1419936.9715785957,419.5828586882292
2016-04-03,419.89,419.96,421.0,418.33,3767.03125161,1581199.5316672,419.760238297882
2016-04-04,419.94,421.89,421.98,417.58,5699.79434962,2389845.903814291,419.3628734753472
2016-04-05,421.95,422.21,423.43,420.17,5581.14386186,2354282.801690477,422.0287741926875
2016-04-06,422.29,421.15,422.89,420.48,5670.32296144,2392412.408815477,421.9235411397153
2016-04-07,421.3,422.1,422.74,419.41,5010.20874088,2111712.357964376,421.47557902978474
2016-04-08,422.09,417.81,424.65,415.51,6821.14018333,2872094.587259193,421.6026075642083
2016-04-09,417.79,420.0,420.54,416.91,3110.53700135,1302928.416795739,418.81361451304167
2016-04-10,419.99,423.08,424.0,419.99,3401.31170856,1438209.755116762,422.5174025962639
2016-04-11,423.38,428.0,428.0,420.15,5984.77463937,2532368.532262067,422.8156168240139
2016-04-12,427.99,428.97,429.77,425.43,6824.57637688,2917550.7862315313,427.3547681212708
2016-04-13,428.96,427.79,429.4,423.59,5766.35557278,2457803.7685098015,426.3499495020486
2016-04-14,427.69,427.72,427.84,424.52,5105.22735314,2174025.89738099,425.85733824313195
2016-04-15,427.73,431.56,431.56,425.72,4398.84494577,1890182.7771289092,429.3801308596319
2016-04-16,431.55,433.92,434.89,429.89,4455.27382602,1927726.6292917328,432.8852831935278
2016-04-17,433.76,432.49,434.93,429.15,3570.79666292,1542091.7720959533,432.3397321450764
2016-04-18,432.5,430.78,434.46,428.44,5712.38779412,2457679.94089017,430.53046525507636
2016-04-19,430.78,437.53,438.2,429.22,6373.64791142,2757835.989384127,432.1664822125764
2016-04-20,437.49,445.5,446.32,436.27,7390.26172921,3258010.528315281,440.19439839088193
2016-04-21,445.47,448.64,453.8,441.99,8272.83372533,3705098.156916987,446.46483228254164
2016-04-22,448.61,448.77,451.03,445.07,6218.24104138,2788430.358879894,448.2927578523333
2016-04-23,448.68,458.49,460.0,447.03,5470.80289999,2478096.458334819,451.4837537538889
2016-04-24,458.49,461.51,466.3,454.55,6184.8070528,2852694.056417977,460.2559517784583
2016-04-25,461.54,468.35,472.38,454.65,9428.36461058,4386382.997334894,464.6418489141111
2016-04-26,468.11,466.64,472.11,464.01,8085.37756176,3790296.303275268,468.64139587144444
2016-04-27,466.55,442.08,470.2,434.79,12305.58032614,5580686.031037024,457.7955017613403
2016-04-28,442.08,448.5,452.99,439.21,6255.4735092500005,2802627.485093465,447.77195065698606
2016-04-29,448.79,457.31,459.44,448.5,6165.96029641,2804129.269179237,453.9783254516042
2016-04-30,457.3,452.86,458.88,450.13,4546.96757714,2069217.321149622,455.28818658224304
2016-05-01,452.86,457.19,457.63,451.55,3296.46637602,1502697.7779136593,455.85205070859723
2016-05-02,457.18,444.81,457.38,440.02,8026.81696493,3580552.033936469,447.3131457199722
2016-05-03,444.81,450.59,453.29,444.81,5910.14495103,2660122.363718555,449.8850410257014
2016-05-04,450.42,451.01,452.21,446.76,4929.84880488,2213263.681410948,449.2926215182986
2016-05-05,451.01,449.33,451.24,447.0,5457.62483859,2452441.794095856,449.35772357509023
2016-05-06,449.28,460.51,463.73,449.04,6280.77531482,2870803.575246499,456.074309690368
2016-05-07,460.51,462.39,464.0,459.91,3212.89068084,1483330.0738939487,461.5957640048542
2016-05-08,462.58,462.17,465.0,457.5,3738.01766627,1723569.80847326,461.0730654974236
2016-05-09,462.22,463.58,465.9,459.41,6415.21797872,2969228.772409195,462.31367527247914
2016-05-10,463.58,458.01,463.82,448.2,7226.32585033,3291867.25358443,456.26680473088885
2016-05-11,458.01,454.21,458.65,452.5,6046.85962864,2752686.181039369,455.430242722743
2016-05-12,454.16,455.37,456.99,449.27,6033.12016478,2732020.476084719,452.99514072047225
2016-05-13,455.37,458.33,459.5,453.84,5289.58695503,2416274.5912183397,456.62296684122913
2016-05-14,458.32,459.81,460.0,456.0,3297.25435969,1510507.438337741,457.97144276363196
2016-05-15,459.8,461.35,463.62,458.49,3597.90839285,1658373.349901418,460.62496836224307
2016-05-16,461.37,456.74,461.43,451.48,5959.26401522,2724495.186098208,457.7826115604445
2016-05-17,456.75,456.32,457.25,452.2,6403.71246757,2915028.9300686712,455.46630954006946
2016-05-18,456.16,455.89,457.88,454.79,5387.07369382,2458857.0085537904,456.36280328686803
2016-05-19,456.16,441.61,456.21,435.0,9673.05312849,4311775.032727581,448.1680796399514
2016-05-20,441.51,445.74,446.24,440.0,5975.61969791,2652307.21902176,443.8472647128681
2016-05-21,445.74,445.91,446.99,441.88,3890.50371583,1733586.846256047,445.64850469780555
2016-05-22,445.78,444.0,446.27,440.89,4266.55029349,1892276.4051720889,444.1333976126875
2016-05-23,443.99,448.4,448.5,440.79,5834.09075907,2592171.239926679,444.32340750316666
2016-05-24,448.4,449.98,449.99,440.5,6918.91270777,3089122.3521396085,446.68837992387495
2016-05-25,449.97,449.96,452.42,448.73,6385.66762628,2875873.060496641,450.28120509025695
2016-05-26,449.97,466.5,471.92,449.0,7674.52613092,3500624.519238934,454.05192410625693
2016-05-27,466.26,489.77,490.0,464.1,8966.0377624,4245011.461655693,473.0816456037639
2016-05-28,489.97,515.61,539.49,472.08,12620.57964278,6399464.642579542,503.3152173580695
2016-05-29,515.96,527.6,549.99,507.0,8557.35868606,4506726.171599041,522.4004137119375
2016-05-30,528.67,532.95,541.0,519.0,6180.83276364,3290234.6083665052,532.3792181789792
2016-05-31,532.9,527.97,544.9,520.01,8676.38809258,4616264.655562108,533.4824352125555
2016-06-01,527.95,537.27,541.5,524.39,5978.7095393399995,3197699.8431492853,534.5742371237013
2016-06-02,537.27,537.68,541.2,532.02,6168.522652,3310223.8195328135,536.7744214427292
2016-06-03,537.69,574.49,578.0,535.96,10683.30316506,6015479.498076734,560.8075152161598
2016-06-04,574.5,580.95,594.64,564.29,6922.12353517,3996990.817894159,577.9464949902987
2016-06-05,580.95,578.52,583.99,570.22,5064.7925060200005,2924378.604037774,577.7459807053958
2016-06-06,579.24,587.86,590.95,578.85,7141.52041402,4179943.130249671,584.8657774872153
2016-06-07,587.86,579.44,590.0,483.78,9460.5036358,5474044.849508437,581.0840787363056
2016-06-08,579.48,581.7,583.99,572.96,5293.46709316,3069359.112400016,579.7493482998195
2016-06-09,581.7,577.71,582.18,574.0,5055.05488673,2922344.0495766294,578.794859603625
2016-06-10,577.71,585.31,586.12,573.5,6007.88879674,3480495.6549475873,579.1220544507986
2016-06-11,585.29,635.97,637.38,583.0,8006.97055772,4835914.979167521,592.7320717872361
2016-06-12,635.97,681.04,687.71,625.79,16440.91822395,10780491.763082866,652.1717735833333
2016-06-13,681.04,692.39,720.0,670.0,16104.8779714,11202068.118434712,695.4869575414166
2016-06-14,692.39,683.71,695.99,650.02,11157.31666015,7591067.7981270375,685.3290187726528
2016-06-15,683.34,732.92,741.0,673.0,11858.8334283,8321688.186008826,692.5348642325417
2016-06-16,732.92,774.42,778.5,722.3,13455.64822657,10132251.040486254,751.4374424885208
2016-06-17,774.43,743.41,774.52,709.01,14251.46266222,10639874.057651944,748.4999391891389
2016-06-18,743.41,749.54,785.15,740.99,8756.23602599,6666825.3261088785,757.8644299132084
2016-06-19,749.47,762.96,771.92,744.77,5337.53394396,4058581.373476947,760.4700089805973
2016-06-20,762.97,710.46,765.0,650.0,18264.16850038,13054305.235913886,739.4315891862084
2016-06-21,710.32,659.45,718.26,628.6,18762.9456169,12580751.84247553,678.1294320934376
2016-06-22,658.92,593.0,678.64,544.13,20294.46488289,12519042.983396094,639.5718563215626
2016-06-23,593.01,670.0,700.0,565.28,20298.75742359,12614079.41986417,608.6164430533333
2016-06-24,670.0,693.02,699.0,641.0,15157.8854013,10227275.99752392,672.5864783467222
2016-06-25,693.3,667.14,696.12,650.0,6107.86715229,4134590.1768123046,678.429368168632
2016-06-26,667.14,654.19,669.46,625.01,6651.50831396,4281885.936097651,648.6720365926667
2016-06-27,654.18,657.76,663.53,632.79,6414.20457514,4158746.6526701637,649.7197824369445
2016-06-28,657.76,638.58,658.7,630.02,6055.63327919,3918012.113692079,648.8044674774584
2016-06-29,639.38,637.11,642.51,632.57,6372.99269103,4065108.650264198,637.9602008989236
2016-06-30,637.11,684.99,685.84,636.09,8107.10657787,5388709.502848672,660.406693620507
2016-07-01,684.99,680.64,688.99,669.05,6040.83556468,4101247.7447687923,679.2996102635625
2016-07-02,680.53,690.85,705.25,678.03,5992.4560314,4158772.429671097,692.2985821027431
2016-07-03,690.84,674.67,696.91,651.0,6091.91299685,4075602.830314339,672.7784686914027
2016-07-04,675.13,680.65,683.69,668.87,4140.77750051,2802975.928438654,676.7253910952917
2016-07-05,680.61,679.43,680.73,662.51,5657.55335574,3803640.259940765,672.8730198251667
2016-07-06,679.2,674.3,683.44,665.69,5746.33541873,3879298.046473872,674.987660009757
2016-07-07,674.22,642.13,674.56,611.94,13240.42389546,8454070.707004558,640.146835383389
2016-07-08,642.18,657.62,667.33,638.04,12849.70783601,8398922.441691784,652.3571860948056
2016-07-09,657.48,652.15,664.47,608.0,10075.67472406,6544377.281362927,652.4531853323473
2016-07-10,652.15,659.29,664.27,641.0,5799.67788067,3783489.8666240857,651.5471137005278
2016-07-11,659.4,650.32,662.35,648.11,8307.29240353,5415257.993973983,651.9374614558333
2016-07-12,650.34,664.95,675.5,648.6,11659.19668329,7709630.5548531655,661.3426128544374
2016-07-13,664.97,655.52,671.45,640.0,21993.39924629,14588792.006877722,662.71399915625
2016-07-14,655.51,664.92,664.99,653.5,4343.8572485,2872871.232108112,660.5398369509514
2016-07-15,664.92,669.28,669.99,663.11,4555.74964626,3036502.190440554,666.5510474910973
2016-07-16,669.28,668.65,669.63,662.01,3007.75322748,2004913.185611271,666.6961836850347
2016-07-17,668.88,684.49,684.94,668.12,4051.78619728,2741304.951869528,674.9246546825625
2016-07-18,684.49,676.29,684.66,670.0,4433.34188022,3002191.933225441,677.7885619862153
2016-07-19,676.2,674.6,676.54,666.17,3825.99090962,2572443.4268646506,673.2291517799723
2016-07-20,674.61,662.88,674.97,661.19,3831.92794122,2559662.595899774,669.231851826007
2016-07-21,662.87,669.59,669.69,662.86,4253.69485176,2835878.6399759715,666.1377820724098
2016-07-22,669.6,661.07,669.94,647.59,7722.00167576,5086200.422771411,661.0420099209999
2016-07-23,661.07,657.7,662.35,655.01,3696.99795452,2433829.654660542,658.5669999100209
2016-07-24,657.7,662.76,666.37,655.26,3785.56134907,2501473.7950334838,660.005517700868
2016-07-25,662.76,657.42,664.13,653.77,4627.1567184,3042592.672020131,657.4440184085555
2016-07-26,657.42,652.71,658.99,645.0,6764.22759984,4422975.773454453,653.6995196895069
2016-07-27,652.71,657.5,658.99,646.56,4785.2528671,3136505.973936156,655.3018570503194
2016-07-28,657.5,657.42,659.97,654.1,4132.84994409,2716461.2248601294,657.2514590663263
2016-07-29,657.42,658.4,659.0,651.0,4024.66021545,2643192.656019002,657.3586329827084
2016-07-30,658.7,638.07,658.98,636.52,3961.7802156,2586371.4874589513,655.7476478516805
2016-07-31,638.12,620.0,648.0,615.02,6495.86971624,4103273.5892323297,634.0664284117431
2016-08-01,620.0,595.25,629.34,590.0,8347.96287767,5130907.927990421,618.4276829240972
2016-08-02,595.25,545.99,610.0,483.0,21958.94089215,12291071.719021859,581.7501907959445
2016-08-03,545.99,596.51,599.95,519.3,13785.85119168,7759659.16869763,562.236311893125
2016-08-04,596.52,582.22,597.99,562.11,8546.07163653,4965805.724960217,582.0076112461319
2016-08-05,582.04,583.98,583.99,570.39,5382.20772795,3110031.439476961,578.1125034624237
2016-08-06,583.61,592.0,595.1,574.5,3955.66898675,2314041.386325049,584.0309690052708
2016-08-07,591.99,593.96,598.65,587.2,3258.90667382,1936498.6015343126,594.4260577921111
2016-08-08,593.9,591.29,595.99,589.0,4236.11101871,2510779.160450754,592.6784843243541
2016-08-09,591.3,587.89,592.53,585.38,4682.33752637,2757395.453570194,589.0491642676875
2016-08-10,587.88,596.8,601.09,583.29,9488.70198957,5614937.603474393,593.7158552601458
2016-08-11,596.93,583.93,597.5,583.93,5074.1225966599995,2997375.9313900564,591.9244097254166
2016-08-12,583.94,587.62,589.1,583.62,3789.15273854,2225803.768159565,587.5786251328958
2016-08-13,587.54,582.6,589.5,582.17,2822.49431117,1657775.0942829282,587.5731127300347
2016-08-14,582.59,572.95,584.47,565.19,4408.85984336,2529488.374816235,576.114567723007
2016-08-15,572.94,568.42,574.09,561.56,4556.34950927,2590260.0198943387,569.4744171234305
2016-08-16,568.19,578.84,581.99,566.09,4546.50246621,2618196.816494779,574.7800388524792
2016-08-17,578.85,574.67,581.21,569.67,4650.0250471,2671522.290958975,575.5843318848541
2016-08-18,574.9,574.93,576.99,573.0,3861.02311527,2220870.671022951,575.1425887803125
2016-08-19,574.8,573.64,576.99,572.38,4026.9120576,2314836.116729768,574.7754726196112
2016-08-20,573.64,581.93,583.92,573.12,3684.87158513,2136845.7191838515,579.70150161275
2016-08-21,581.93,581.26,583.99,579.34,2527.50438153,1469688.730038445,581.8394414675695
2016-08-22,581.26,585.98,586.99,579.22,4643.80223883,2711505.677178741,583.2060032570139
2016-08-23,585.99,579.8,586.77,577.47,5038.94152531,2931545.130671685,582.5431008173194
2016-08-24,579.89,576.11,581.45,575.2,3989.30054227,2308661.256341353,579.0490461774028
2016-08-25,576.15,576.15,576.99,573.12,3989.7083621,2295062.758778754,575.1444401917847
2016-08-26,576.15,576.83,579.86,575.93,3603.39912187,2083966.369598874,578.1590639706736
2016-08-27,576.81,570.93,577.11,568.95,2853.15158177,1632440.2484297531,572.9088781895
2016-08-28,570.94,575.98,577.73,570.22,3188.00278084,1829583.8261589624,573.2081637207014
2016-08-29,575.97,573.23,576.43,571.24,4549.5728991,2609307.68502815,573.7429019671945
2016-08-30,572.96,573.61,576.83,572.02,4062.94783676,2336212.4548917767,575.1416711994514
2016-08-31,573.61,572.99,573.61,569.21,4516.23869604,2583849.84080448,572.3361600421458
2016-09-01,573.26,571.01,573.26,568.12,4999.7902299,2855662.77228809,571.4212836555624
2016-09-02,571.0,575.29,577.97,570.0,4851.31828364,2787688.121980481,574.0305091436041
2016-09-03,575.29,597.85,600.99,574.85,4798.8359165,2822991.7168231853,584.4482044879097
2016-09-04,597.81,609.58,617.13,597.52,4367.27340192,2665656.5076188887,608.1909524434514
2016-09-05,609.67,606.26,609.99,601.63,3239.03168972,1965086.9638868705,607.0851963657431
2016-09-06,606.26,612.3,613.99,605.9,4441.7980988,2711605.0273007546,609.8752192701597
2016-09-07,612.3,615.81,618.53,609.21,4516.65475527,2773716.41640013,613.6183647132569
2016-09-08,615.81,626.3,631.3,613.43,5249.84747225,3285630.268028544,625.166637673264
2016-09-09,626.3,621.48,627.07,618.25,4458.37697019,2771820.0892299586,622.0058007070625
2016-09-10,621.49,624.11,626.54,621.05,2723.27019012,1698810.840555904,623.7243404930903
2016-09-11,624.13,608.43,630.11,591.8,4453.11997798,2735463.410005431,618.4567717879028
2016-09-12,608.45,608.48,608.99,603.0,4250.62260882,2579684.734168861,607.1161849444028
2016-09-13,608.42,609.0,609.99,605.16,3634.09142884,2209943.9635765855,608.1555802910625
2016-09-14,609.02,607.56,611.99,607.19,3787.12585879,2309058.289433037,609.516414733
2016-09-15,607.56,606.06,609.49,603.15,4201.81836126,2552013.4497172707,607.7709169519097
2016-09-16,606.11,607.47,608.86,604.91,4181.98603658,2538730.478371383,607.0162906920833
2016-09-17,607.49,607.65,608.99,604.0,2806.43238642,1704807.329674676,607.612259152993
2016-09-18,607.65,611.82,611.99,607.22,2990.58544751,1824016.6660777263,609.6886480679653
2016-09-19,611.82,608.72,612.46,607.4,3418.43835589,2081900.854586779,609.5568969098472
2016-09-20,608.63,599.69,609.92,592.63,5393.26105456,3269588.2505740095,607.3633718103681
2016-09-21,599.65,597.89,599.7,593.54,4181.05951207,2495799.837731261,597.5193601636597
2016-09-22,597.85,597.44,598.0,594.78,4050.20070784,2415924.917053954,596.6680403833403
2016-09-23,597.44,605.25,605.25,596.51,3672.22584187,2206542.626461611,600.3850286821181
2016-09-24,605.25,603.29,605.94,601.08,2564.22675577,1548195.3534608413,603.8729095562708
2016-09-25,603.29,602.2,605.99,599.42,2723.58980641,1639456.425494711,602.0758268386041
2016-09-26,602.19,606.02,607.99,601.04,4799.00537003,2909568.9498919854,605.9825138079722
2016-09-27,606.12,604.47,606.99,601.38,4241.02705676,2564500.5027590874,604.9276751389444
2016-09-28,604.47,604.86,605.76,603.18,3735.92772382,2258820.730497594,604.6616663911458
2016-09-29,604.87,606.69,606.89,603.56,4186.87596303,2535844.820639152,605.6957504637917
2016-09-30,606.7,611.68,613.6,605.0,5061.83123336,3073517.875216831,607.2118697845486
2016-10-01,611.67,615.22,617.19,611.64,3088.07414537,1898383.6215413518,614.62194907375
2016-10-02,615.17,614.85,615.84,608.66,3430.47880303,2100307.927282506,612.411725153368
2016-10-03,614.88,610.01,615.24,606.93,4832.5662986,2959621.418188914,613.22944574975
2016-10-04,610.01,609.79,611.86,609.01,4555.52759531,2780144.12117121,610.3539284322917
2016-10-05,609.79,612.95,614.24,609.22,4444.5834470400005,2721932.757031853,612.0863858542778
2016-10-06,612.9,612.25,613.39,610.3,3833.05870782,2347073.387976448,612.4229142421597
2016-10-07,612.26,619.42,619.42,609.89,5140.01573902,3166211.381022582,616.197137533375
2016-10-08,619.43,617.36,620.0,617.24,2626.59465823,1625661.975171602,619.0095622229167
2016-10-09,617.4,618.79,618.99,617.0,2509.27762201,1550936.4870500958,618.0863983808403
2016-10-10,618.8,619.2,619.2,615.46,4317.30071961,2666872.578075869,617.7897082015278
2016-10-11,619.2,640.12,647.03,619.2,6225.53866309,3955289.078893782,635.7891352546042
2016-10-12,640.13,639.51,642.19,631.91,4469.54382181,2851151.673974675,638.6310640210278
2016-10-13,639.69,638.07,639.85,632.0,3719.09770832,2367128.996673601,636.7079436299097
2016-10-14,637.98,639.04,639.99,624.08,4486.83406826,2850752.024107056,637.1351426189583
2016-10-15,639.04,640.99,640.99,636.0,2750.6016143,1757521.0489703463,639.2417853286875
2016-10-16,640.86,638.9,643.91,638.5,2834.80239452,1820037.9620454854,642.107475847986
2016-10-17,638.8,639.72,641.24,636.27,4034.2984957,2578445.051550105,639.3583144886389
2016-10-18,639.72,636.41,640.0,632.15,4102.68691703,2611500.748991445,637.1029605539028
2016-10-19,636.47,627.92,636.99,625.6,4527.37553001,2852163.951362206,631.4587789598055
2016-10-20,627.95,628.98,629.99,626.01,4283.51912037,2691518.967676049,628.515337238757
2016-10-21,628.97,630.87,633.41,627.8,4085.88913892,2574953.245439142,630.0218567816459
2016-10-22,630.85,647.06,658.0,630.74,4824.96823769,3117408.646186078,643.6499638127569
2016-10-23,646.66,651.01,655.39,645.33,3105.5691489700002,2020976.5275860573,651.4469344937569
2016-10-24,650.5,654.6,655.36,645.81,3913.90081567,2542804.667573697,649.6497689446111
2016-10-25,654.66,658.76,659.53,649.0,4783.10025749,3131133.111099969,654.4835846579791
2016-10-26,658.54,689.27,690.82,654.0,6943.5632492,4665716.588406842,668.3595848443958
2016-10-27,689.77,686.99,692.41,678.0,5793.25620596,3965969.480956241,683.951148999882
2016-10-28,686.99,701.7,702.0,683.7,4964.47865935,3427493.2915689507,689.069487187618
2016-10-29,701.67,709.28,725.64,692.04,6402.59714641,4564124.104943863,710.1975956607222
2016-10-30,709.28,696.5,714.98,681.01,4120.55429601,2887248.846679504,705.5262420384305
2016-10-31,696.92,710.4,711.67,695.33,4533.49231494,3187348.9244496347,701.9896128252987
2016-11-01,710.4,727.04,737.5,707.54,6740.90727655,4895900.039755851,725.0211956819653
2016-11-02,727.22,742.3,746.16,720.0,5203.09941735,3803454.667468976,729.1393299860555
2016-11-03,742.24,703.97,745.26,672.06,10374.44752428,7343810.665063029,718.1647531265278
2016-11-04,704.0,704.71,708.33,688.85,5082.80242105,3558616.62094513,701.4219837317847
2016-11-05,704.71,716.4,716.86,701.0,2696.88565149,1905570.448219598,706.2931278942917
2016-11-06,716.4,709.57,719.83,705.06,3336.08107107,2376914.253288634,713.4417405657999
2016-11-07,709.57,707.87,711.64,701.35,4271.49204495,3020355.733711083,707.6307884044376
2016-11-08,708.07,736.65,737.86,704.16,7543.60136101,5422756.140429569,711.4267270941181
2016-11-09,736.74,717.55,747.26,714.52,9024.58761145,6600465.953925495,728.0872326140277
2016-11-10,717.88,713.91,719.4,705.84,4533.66570684,3232460.195460287,714.2163170595417
2016-11-11,713.91,715.87,717.98,712.5,2746.9411001,1965171.840587123,715.3247411810139
2016-11-12,715.89,694.41,716.09,693.39,4005.59260574,2819406.023198805,706.2932111102431
2016-11-13,694.42,705.23,705.94,685.7,3536.93966116,2468286.054977567,698.561901315368
2016-11-14,705.31,710.28,712.06,671.23,5797.20828652,4068962.5811118768,704.2680229694722
2016-11-15,709.63,712.9,716.3,707.55,3969.05921312,2824755.025797326,711.6082901921667
2016-11-16,712.72,743.46,744.43,710.76,6798.58011888,4980951.476572247,728.5987782713333
2016-11-17,743.0,739.76,750.01,728.89,3636.95435655,2698909.7374817813,741.8449173447777
2016-11-18,739.82,749.01,751.0,735.27,4833.72649682,3599955.263274853,745.1842479453194
2016-11-19,749.01,751.53,753.81,738.0,2786.02662909,2088241.7035853,749.5524668747361
2016-11-20,751.53,730.23,752.99,715.0,4282.07262813,3133606.509235595,737.3951165281875
2016-11-21,730.23,736.44,738.47,726.38,3454.93527429,2538631.373399941,734.7885246833056
2016-11-22,736.46,742.94,748.77,732.52,4227.75284118,3143992.21019,742.3865326948611
2016-11-23,742.75,741.62,746.07,734.0,3401.55740234,2519060.761215286,741.3186990938818
2016-11-24,741.5,730.15,742.0,727.0,3657.56373036,2691119.970243365,736.7295822253611
2016-11-25,730.16,738.05,739.99,730.0,3062.0366870899998,2252793.950664111,735.3068314911598
2016-11-26,738.07,730.01,739.91,726.0,2653.22727281,1944549.556863348,733.5772656497918
2016-11-27,730.01,732.72,737.95,728.01,2877.26123895,2109678.23351248,733.6218122942638
2016-11-28,732.72,731.49,734.1,729.0,3960.77371755,2895961.52414867,731.3456188769376
2016-11-29,731.48,729.94,734.68,728.2,3878.85485195,2839129.519029792,731.9800252319584
2016-11-30,729.94,745.92,746.0,729.17,3959.57728453,2933880.325160014,740.2272159845973
2016-12-01,745.95,767.99,768.0,745.13,4911.08908661,3701693.3873451524,752.5296784013542
2016-12-02,768.0,770.75,780.0,762.67,5594.47306318,4308379.042973326,769.821207359243
2016-12-03,770.69,766.56,770.73,759.0,2711.72197665,2075300.156922537,765.1766412936666
2016-12-04,766.55,754.31,769.76,753.43,3201.44570357,2448831.043276813,765.4838468295555
2016-12-05,754.2,756.34,758.13,748.6,4882.58989015,3681513.716400532,754.3837904259792
2016-12-06,756.36,757.86,761.58,754.28,4406.47836818,3341662.018242981,758.4055189991736
2016-12-07,757.85,765.6,768.9,750.26,4658.40961453,3553207.38149835,762.5570113935348
2016-12-08,765.6,768.55,772.82,762.75,4663.64630258,3590995.295020134,769.2548636781736
2016-12-09,768.55,773.76,774.99,765.97,4115.23276879,3174345.140991916,771.4232581809027
2016-12-10,773.96,768.26,776.99,765.0,3732.57038899,2884873.2426471952,773.4879516839931
2016-12-11,768.09,772.35,772.74,765.6,2577.95195493,1986045.658843676,770.1316195164028
2016-12-12,772.35,778.53,790.34,771.86,5572.53365683,4347874.30534285,778.8283603790834
2016-12-13,778.53,781.15,784.09,773.54,4619.28933367,3601088.956627758,779.7936356599236
2016-12-14,781.75,779.5,781.79,773.2,4698.98647072,3658241.0201270925,779.063487685236
2016-12-15,779.47,779.01,780.0,774.8,5746.34831393,4471958.879462031,778.3368252983541
2016-12-16,779.12,788.9,790.53,777.44,6466.62674928,5059154.7728523305,781.9867070174097
2016-12-17,788.6,791.72,791.97,787.13,3409.45787424,2693664.2667431617,790.0238067386458
2016-12-18,791.72,794.76,794.99,787.19,3090.6143029,2444345.5778905842,790.7435399585347
2016-12-19,794.76,790.23,794.99,789.0,5566.30457909,4408234.708841152,792.2980926683402
2016-12-20,790.21,809.25,809.59,788.58,6710.79869213,5335510.178577753,794.0870750455417
2016-12-21,809.25,844.42,845.28,807.81,8373.55736642,6900973.244896686,822.1013809076737
2016-12-22,844.43,906.68,912.88,840.59,10934.21423473,9521920.035268648,865.3956893904791
2016-12-23,906.75,909.57,918.5,874.23,10930.83931138,9864573.558281714,903.897640824875
2016-12-24,909.59,859.96,914.7,852.0,6040.10554407,5384297.632116639,894.4425449818195
2016-12-25,859.95,902.0,908.24,851.11,4683.43468122,4107109.78099189,877.5201862412083
2016-12-26,901.99,895.96,903.0,890.0,3142.10004942,2827129.7160031265,899.3049110176389
2016-12-27,895.69,937.61,948.99,895.0,7955.4714495,7385843.051548325,924.500300969757
2016-12-28,937.3,972.24,988.88,929.15,10284.012231659999,9909167.144385375,961.00910807475
2016-12-29,972.24,955.14,982.72,950.01,8290.28659583,8023419.47167082,970.0720479584375
2016-12-30,955.14,952.66,966.78,930.3,7625.00583052,7276697.49685999,954.1218878350347
2016-12-31,952.65,968.1,973.4,952.0,3124.00586001,3014008.140576955,963.7746316929514
2017-01-01,968.1,1009.62,1011.78,964.37,5167.83482967,5125778.596458408,986.0303263214722
2017-01-02,1009.2,1022.36,1034.39,991.69,7839.93570299,7958856.398768977,1016.8524273249931
2017-01-03,1021.86,1048.23,1054.97,1006.71,10371.87599011,10657464.41206297,1024.061322268125
2017-01-04,1048.21,1146.77,1147.0,1047.25,15998.06256276,17654894.272909094,1100.3124300440277
2017-01-05,1146.77,975.8,1175.0,880.0,20009.98381958,20361850.97066168,1029.5325705736527
2017-01-06,975.98,845.83,988.5,802.07,16864.50321413,15065350.71935253,908.1803454623472
2017-01-07,845.84,947.98,948.0,822.46,7900.41647413,7031962.081504147,889.2757231965903
2017-01-08,947.98,898.92,953.8,887.51,5451.99822634,5002737.023287629,920.5784130072847
2017-01-09,898.83,903.51,913.99,886.42,5853.85825307,5274473.654613985,901.0273263066874
2017-01-10,903.87,912.97,915.1,899.01,7704.10886665,6985050.781327468,907.5861368225417
2017-01-11,912.95,784.66,923.98,763.48,21828.37010455,17797131.499033436,825.8193038476667
2017-01-12,784.68,801.45,840.0,734.64,12840.48138617,10237495.42003531,796.5736707350902
2017-01-13,801.26,834.64,847.52,782.85,11808.53363985,9657067.511472248,818.0595312172013
2017-01-14,834.64,828.7,839.0,822.34,5775.22003308,4802254.5035559395,833.0330781811042
2017-01-15,828.7,838.99,839.0,819.0,4839.78141407,4010388.58379914,827.8165774639306
2017-01-16,838.99,866.63,869.78,826.03,5441.14014022,4567186.665969291,835.8713173884305
2017-01-17,866.63,904.7,916.7,860.36,8746.03332274,7806934.674531352,891.9393652580277
2017-01-18,904.69,894.0,908.69,850.0,7464.85213638,6586946.023415975,888.1164551719305
2017-01-19,893.1,893.65,907.0,889.47,6333.42606041,5696735.462969919,898.736752004757
2017-01-20,893.65,919.54,930.0,890.0,5154.0968046299995,4650136.846604415,899.213466519632
2017-01-21,921.13,944.55,946.25,913.02,4349.44823277,4032603.822657334,925.7542492803611
2017-01-22,944.43,924.28,946.22,902.0,5015.221678,4636226.129043261,926.2083262142431
2017-01-23,923.92,921.99,929.34,890.01,5587.7373219,5123743.607200627,920.3764783399097
2017-01-24,921.43,901.27,923.0,880.0,5836.66538864,5267493.418853184,906.0938286147292
2017-01-25,901.27,905.15,907.32,890.5,4857.81264356,4359368.025328959,897.976776194139
2017-01-26,905.54,916.42,921.95,897.29,4799.85998601,4387196.791054278,912.351472618
2017-01-27,916.42,924.46,924.47,911.0,3766.14138959,3469709.0155930705,921.3438854903958
2017-01-28,924.47,924.59,927.47,921.81,2878.28211326,2660298.495546257,924.3854024815347
2017-01-29,924.93,920.45,924.99,914.69,3073.68395028,2827378.7346041924,921.3424760667431
2017-01-30,920.45,924.94,925.0,918.26,3825.1329501,3526040.837620824,921.6682983822777
2017-01-31,924.95,972.42,979.52,924.5,7865.37271918,7543739.220148776,954.3928072579445
2017-02-01,973.09,985.95,996.99,963.84,5979.83042442,5857337.321179317,978.7842986821944
2017-02-02,985.91,1021.26,1022.0,985.07,6429.69612262,6452441.591629175,1000.0625480127986
2017-02-03,1021.36,1012.82,1024.5,994.34,6407.70184286,6492897.094699045,1014.3787571766596
2017-02-04,1012.8,1030.29,1044.12,1001.8,4844.60485772,4971613.026773141,1023.0498848266667
2017-02-05,1030.31,1019.98,1030.65,1003.02,4819.43799057,4900236.669416432,1019.6760838977084
2017-02-06,1019.96,1036.99,1036.99,1017.0,5032.64200652,5153036.781432454,1023.8834139013194
2017-02-07,1036.98,1067.01,1069.95,1034.06,6438.04218954,6775714.57856855,1051.3711879381945
2017-02-08,1067.01,1072.48,1079.0,1016.49,7310.39684898,7692493.682788966,1054.7550493881945
2017-02-09,1072.05,987.92,1078.48,925.0,17394.47545104,17231212.842049625,1009.8029243682639
2017-02-10,987.92,1013.21,1016.39,961.0,8631.21465105,8536575.975789992,987.9099459117708
2017-02-11,1013.21,1012.29,1023.89,1006.5,3602.4224984,3660563.874753507,1015.9058495292361
2017-02-12,1012.29,1018.52,1018.52,1008.0,1622.20600097,1642839.6866723879,1012.309768026875
2017-02-13,1018.73,996.94,1021.5,985.68,5990.16591427,5996263.822794141,1002.4401981185833
2017-02-14,996.91,1013.45,1018.97,992.27,5880.00073186,5940869.196993873,1010.9001956328472
2017-02-15,1013.45,1022.0,1027.66,1008.0,5961.52035757,6049437.43864704,1013.6318184328472
2017-02-16,1022.0,1044.23,1044.88,1018.64,5796.11674221,5995055.288342089,1033.3234834725695
2017-02-17,1044.24,1066.68,1067.0,1040.0,6727.679518,7103565.33004902,1053.8508849719444
2017-02-18,1067.0,1059.65,1073.8,1055.1,3852.13367095,4104912.8274895563,1065.8227179774306
2017-02-19,1059.65,1054.31,1067.78,1051.26,2976.35465765,3147063.093072819,1058.813100849375
2017-02-20,1055.04,1089.99,1095.0,1054.33,5056.36923278,5435999.659852521,1069.472705584236
2017-02-21,1089.99,1124.86,1132.95,1087.33,7746.85742703,8621661.135859387,1112.015294252153
2017-02-22,1124.91,1131.18,1140.0,1104.9,6125.24437542,6911850.8645425085,1127.0222168039584
2017-02-23,1131.17,1203.31,1221.93,1128.97,9493.14135795,11134989.754846046,1162.1001137681944
2017-02-24,1204.75,1182.5,1215.0,1103.32,11166.60645289,13142609.315569619,1185.9019133771528
2017-02-25,1182.47,1152.99,1186.0,1110.0,6661.86536003,7672231.3386458205,1163.5577809094445
2017-02-26,1153.0,1192.31,1195.52,1148.82,4112.72223448,4844344.372692428,1175.2452271721527
2017-02-27,1192.14,1196.85,1214.94,1176.0,8637.3599806,10320199.360093176,1191.7863232920834
2017-02-28,1197.39,1203.94,1204.49,1085.71,12124.122558089999,14496008.342458831,1194.780073967847
2017-03-01,1203.93,1227.7,1234.0,1191.01,9348.49259349,11407866.200415282,1217.187461811111
2017-03-02,1227.69,1268.21,1298.61,1222.0,9401.68847846,11859027.756433763,1254.534306179861
2017-03-03,1268.21,1291.82,1294.99,1255.61,8234.13195665,10541647.901034083,1282.1987556956944
2017-03-04,1291.76,1266.62,1294.48,1226.41,6429.89205058,8183353.569398843,1277.1951775860416
2017-03-05,1266.62,1279.1,1285.0,1247.11,4250.04266787,5395342.61585979,1269.5132400400694
2017-03-06,1279.07,1277.21,1288.0,1275.46,5271.44349896,6758941.827976274,1282.596731018125
2017-03-07,1277.21,1183.21,1282.25,1050.0,13521.95366746,16563145.801471153,1247.0113884076388
2017-03-08,1183.69,1153.27,1225.7,1128.0,11428.79261129,13433221.477598766,1180.9062075959027
2017-03-09,1153.27,1206.23,1214.95,1149.74,8114.48169502,9682121.870676726,1191.0756916178473
2017-03-10,1205.72,1162.19,1360.0,956.85,28484.92771527,33405275.59230688,1195.7327802975624
2017-03-11,1162.12,1192.57,1219.0,1150.0,7554.96462885,8975836.154351654,1189.1586806047223
2017-03-12,1192.58,1239.47,1245.0,1180.84,6644.39545515,8122509.569113731,1215.6150328044203
2017-03-13,1239.47,1247.93,1250.0,1206.0,9266.67946244,11473450.677797616,1240.101592085139
2017-03-14,1247.93,1246.91,1262.0,1213.55,7248.60839704,9042742.414751157,1247.6558520527778
2017-03-15,1247.32,1249.65,1277.27,1240.0,9713.67067222,12206065.748855997,1255.4786890952082
2017-03-16,1249.82,1123.63,1250.0,1088.88,16707.82401814,19744579.048410058,1204.7728793160416
2017-03-17,1123.63,1054.52,1170.0,1053.0,18427.05763733,20536430.69381046,1118.2122374215971
2017-03-18,1054.87,1000.63,1092.09,919.44,25213.78752621,25080332.95267339,1019.3496447904027
2017-03-19,1001.0,1035.36,1062.92,961.59,11564.61551273,11838397.338469528,1018.1754538434444
2017-03-20,1034.97,1064.33,1065.09,1011.02,9290.90221588,9667882.143003771,1039.139045784861
2017-03-21,1064.33,1080.23,1120.0,1059.5,13773.44248568,15092705.50058057,1092.56683813
2017-03-22,1082.2,1033.32,1098.84,985.17,12644.9201998,13020692.184861505,1041.5967028423472
2017-03-23,1033.33,1016.15,1057.41,1013.0,8094.11853618,8353258.682572486,1033.713068869028
2017-03-24,1016.1,921.97,1017.99,912.76,21019.11103595,20282780.50734093,977.7238985656597
2017-03-25,922.31,971.0,976.78,890.05,14800.26038631,13796186.272258647,934.9702550153472
2017-03-26,971.0,972.34,1005.0,943.9,9544.51283509,9338131.932993568,975.0016717027777
2017-03-27,972.17,1038.33,1045.9,966.0,10379.96272484,10595552.595835743,1012.8674942121388
2017-03-28,1038.32,1009.99,1069.39,1007.0,9512.23841495,9890053.438206743,1042.9741532046528
2017-03-29,1009.96,1044.54,1058.16,1005.77,8545.12209779,8881176.487222105,1038.848401860486
2017-03-30,1044.54,1056.5,1059.0,1022.0,8276.4059225,8611558.244163748,1040.2687039036111
2017-03-31,1056.86,1086.67,1096.89,1045.0,10352.08076555,11102616.34262538,1069.4568278975694
2017-04-01,1086.31,1086.0,1110.95,1071.45,6468.71589901,7049532.645219054,1090.4631764652083
2017-04-02,1085.99,1158.49,1159.18,1080.0,11268.935884729999,12590568.750710174,1105.0383517636806
2017-04-03,1158.48,1149.46,1168.72,1124.0,10314.1526335,11819536.686248774,1144.493517650625
2017-04-04,1148.84,1140.0,1164.14,1124.98,8568.18777301,9799023.633527024,1146.3304718234722
2017-04-05,1140.0,1153.0,1153.0,1114.9,9755.58469999,11050855.744885743,1132.6705287377083
2017-04-06,1152.3,1178.93,1206.97,1150.44,9997.61006295,11792971.660991766,1175.6128765916667
2017-04-07,1178.92,1196.93,1203.0,1175.26,7132.5892517,8500027.338570898,1191.8954841531945
2017-04-08,1196.84,1186.36,1196.89,1170.0,3853.01882874,4572643.674858552,1187.9953052458334
2017-04-09,1186.4,1218.0,1221.0,1175.8,6609.69529802,7961060.686471613,1198.6385994975
2017-04-10,1218.0,1203.37,1218.0,1201.0,5081.42266217,6150620.535035008,1211.393243770625
2017-04-11,1203.37,1226.1,1234.0,1200.0,5474.42854557,6678136.642861617,1217.7208285070833
2017-04-12,1226.08,1213.24,1226.85,1209.61,6846.41411838,8333160.445654001,1217.7270837975
2017-04-13,1213.18,1182.92,1216.82,1148.98,9365.21840933,11036038.781106548,1183.1898263963194
2017-04-14,1182.93,1180.09,1196.92,1169.91,5697.92838508,6730692.513635632,1181.5984506143054
2017-04-15,1180.09,1186.7,1190.99,0.06,3582.48221715,4207105.364048098,1181.384350640118
2017-04-16,1187.78,1177.98,1189.93,1171.7,3248.33867327,3832788.1043717396,1181.4105466425
2017-04-17,1177.98,1196.54,1197.6,1170.85,7018.65392188,8316841.844485359,1183.0978328538195
2017-04-18,1196.54,1204.6,1207.44,1192.02,6045.23032003,7255899.159699195,1200.3237887700695
2017-04-19,1204.6,1217.79,1220.0,1191.09,6712.44415176,8092318.544215439,1203.6266188304166
2017-04-20,1217.74,1241.62,1247.0,1215.15,7524.3361191,9265585.404477365,1229.8245035049306
2017-04-21,1242.71,1249.72,1258.77,1240.76,6248.80645518,7800452.638795042,1248.637349624236
2017-04-22,1249.74,1238.73,1253.0,1221.51,6354.08375608,7905891.166760693,1244.4215765674305
2017-04-23,1238.73,1253.22,1254.45,1236.79,5210.55473872,6506984.382910613,1248.4306545395832
2017-04-24,1253.22,1266.51,1267.14,1247.0,5793.74940895,7270443.488291527,1254.4320245186805
2017-04-25,1266.52,1283.98,1287.0,1265.04,8175.88410373,10455074.760827694,1277.125255605486
2017-04-26,1283.99,1306.0,1320.0,1281.46,9631.25645494,12535727.958915006,1298.4711540890278
2017-04-27,1305.94,1362.77,1381.01,1302.9,12191.41111501,16329763.334152889,1333.9957170327084
2017-04-28,1362.79,1354.27,1366.71,1300.2,13945.3871323,18664515.641599502,1339.5549790571529
2017-04-29,1354.33,1346.17,1369.5,1335.64,8412.32699539,11409074.480140168,1356.969908096111
2017-04-30,1346.25,1421.42,1427.34,1334.02,12427.99362664,17000496.261909395,1360.1286555408333
2017-05-01,1421.44,1443.41,1466.69,1391.16,15384.3551597,22125739.970562223,1432.7945367146528
2017-05-02,1443.41,1473.96,1492.93,1437.5,12455.40430266,18276939.472970325,1466.8454636935417
2017-05-03,1473.88,1554.56,1554.69,1453.68,17724.59442041,26597849.44512265,1492.8469636808334
2017-05-04,1554.56,1594.72,1665.0,1482.06,26294.99003997,41516319.641144715,1579.6013783238195
2017-05-05,1594.38,1578.79,1630.0,1535.11,15661.67572529,24806366.2817912,1589.1769740944444
2017-05-06,1578.9,1601.68,1602.91,1560.0,10112.99716873,16045541.980240023,1586.8264263975695
2017-05-07,1601.69,1623.85,1629.05,1563.87,12420.64722647,19838718.37013361,1595.5715602254165
2017-05-08,1623.86,1679.81,1715.0,1613.13,17935.09671478,29778644.435784325,1653.1366021852084
2017-05-09,1679.56,1706.05,1794.7,1679.5,17274.66855501,29944020.228403084,1735.692148382986
2017-05-10,1705.03,1795.52,1799.99,1691.3,13179.103142509999,23313541.154503737,1767.0308610000002
2017-05-11,1795.5,1799.08,1889.0,1773.0,16245.98606781,29885591.38888224,1843.9365439311805
2017-05-12,1799.1,1658.0,1825.0,1610.0,18221.61115027,31383172.3955106,1747.6190164808334
2017-05-13,1657.98,1802.96,1814.61,1637.26,10810.55768507,18856525.787780028,1738.4531371479861
2017-05-14,1802.97,1788.64,1829.0,1763.33,5443.45453153,9778763.16948555,1798.834808948472
2017-05-15,1788.64,1709.76,1788.66,1690.14,11855.49418545,20580581.15186654,1743.2508987820834
2017-05-16,1707.83,1809.04,1810.0,1697.55,12614.64002083,22159144.07252743,1752.5377914238888
2017-05-17,1809.85,1806.36,1840.0,1799.78,11689.35502149,21289560.71327091,1821.8234706523613
2017-05-18,1807.12,1918.63,1923.0,1800.23,13879.90504063,25911876.392301694,1853.2239758494445
2017-05-19,1918.88,1985.92,1990.0,1912.02,16814.47881416,32818576.021917827,1950.3968674979862
2017-05-20,1985.93,2068.43,2069.39,1970.05,13309.27712706,26894916.14273308,2013.6661484568056
2017-05-21,2069.06,2105.73,2110.0,1988.6,19533.15605251,40188808.65834217,2057.712011775625
2017-05-22,2104.77,2169.99,2298.0,1975.0,28452.80916532,61910455.80640279,2180.328109875139
2017-05-23,2169.99,2310.95,2326.0,2161.06,18664.26609836,41993678.89687341,2241.7755982774306
2017-05-24,2309.08,2589.06,2589.09,2280.0,24686.24627847,59480298.6691135,2403.844197347639
2017-05-25,2589.06,2470.05,2806.0,2226.86,36735.96843016,94116202.57865405,2594.2817405700002
2017-05-26,2470.04,2267.92,2683.18,2052.01,32338.14132889,75741316.2204856,2412.88169407375
2017-05-27,2267.92,2226.91,2267.93,1913.19,32493.822662219998,67969006.32246873,2106.935915995486
2017-05-28,2226.91,2212.51,2342.99,2129.46,16667.13799964,37256274.50409399,2236.6650007677777
2017-05-29,2212.51,2311.4,2357.86,2158.28,17694.710301439998,40312027.01827918,2263.85128095875
2017-05-30,2313.77,2188.03,2336.88,2112.31,21909.85648139,48940359.63904077,2256.1611135168055
2017-05-31,2188.03,2378.67,2390.0,2175.0,21979.41316065,50067376.18849871,2272.699954841736
2017-06-01,2378.9,2443.1,2488.0,2318.0,19162.6856629,46227087.94893871,2415.7332507147917
2017-06-02,2443.05,2465.38,2499.0,2379.44,12425.13750686,30252750.74237002,2437.623680868611
2017-06-03,2470.85,2502.81,2599.0,2448.0,15806.41098359,40082340.68084406,2527.2741276356946
2017-06-04,2502.81,2584.98,2600.0,2469.98,12215.65051213,30846036.32190436,2526.5578086239584
2017-06-05,2585.02,2813.22,2873.27,2560.0,19338.75264947,51966497.29317116,2635.807228679514
2017-06-06,2811.44,2864.34,2938.55,2674.69,22929.91748895,64977314.5017845,2850.565322600972
2017-06-07,2864.34,2722.6,2877.08,2598.7,20333.27669271,55990026.1822909,2789.111984989792
2017-06-08,2722.6,2805.59,2844.2,2705.73,11947.02680571,33045297.5065391,2769.650045733333
2017-06-09,2805.6,2825.95,2861.58,2786.2,11048.72623795,31242929.26574158,2824.383384299375
2017-06-10,2826.2,2900.0,2942.04,2801.25,20699.55822964,59710840.17563357,2872.4539087084027
2017-06-11,2900.0,2987.49,2999.99,2881.0,15896.92828158,46906232.52568819,2942.795109505208
2017-06-12,2987.49,2674.03,2995.98,2463.89,40740.13642991,110756660.08680391,2774.4066833525694
2017-06-13,2674.03,2761.3,2798.99,2660.18,17493.53163767,47709944.13138426,2727.6092524767364
2017-06-14,2763.78,2483.22,2827.0,2330.0,31040.4260423,79650884.16816199,2621.6178612825
2017-06-15,2483.17,2381.48,2487.14,2050.0,40886.85188541,94209170.9793681,2333.6138501905557
2017-06-16,2381.02,2477.0,2524.65,2375.0,20646.8735856,50710716.19246189,2457.7940180194446
2017-06-17,2477.01,2660.0,2679.24,2461.43,16883.91765751,43873978.55719704,2586.114276824514
2017-06-18,2659.5,2559.0,2660.0,2455.01,14165.64865238,35929642.151002675,2547.6787061055556
2017-06-19,2558.99,2592.99,2623.86,2481.92,14564.87450014,37426528.89147054,2565.4313204775694
2017-06-20,2592.99,2738.34,2776.95,2585.42,18657.48836355,50329565.74462107,2670.86271763625
2017-06-21,2738.33,2634.09,2781.59,2559.51,17314.26988322,46306883.39042682,2678.6967637177777
2017-06-22,2634.98,2719.98,2743.0,2598.0,12042.62635982,32349500.87265251,2677.1809388070137
2017-06-23,2720.0,2699.81,2727.67,2665.0,9024.74721144,24383128.14347828,2703.9911775436804
2017-06-24,2699.74,2544.28,2718.37,2503.05,14313.31764043,37185290.10727222,2632.3596975049304
2017-06-25,2544.15,2550.6,2625.0,2430.05,13890.67459959,35165365.90770032,2554.024343457153
2017-06-26,2552.09,2449.99,2563.9,2258.34,21122.90368426,50818111.439682886,2433.73625296375
2017-06-27,2449.98,2531.16,2581.47,2264.0,22138.31462872,53222848.676483296,2407.96185058
2017-06-28,2528.36,2568.65,2605.0,2468.37,14997.12457789,38204958.59237753,2540.926126831111
2017-06-29,2568.65,2513.58,2591.98,2500.0,9245.98661391,23601592.91257776,2553.989259036111
2017-06-30,2512.04,2436.11,2549.69,2428.03,11459.13150671,28544802.8084235,2498.9162469136113
2017-07-01,2436.11,2404.99,2515.0,2385.0,8483.55602666,20717085.98162466,2452.0890776835417
2017-07-02,2404.74,2490.83,2545.0,2398.36,9266.41421861,23009572.52066721,2469.4778276773613
2017-07-03,2489.42,2616.28,2625.0,2479.75,10981.31306849,27969477.52360707,2534.0308168059028
2017-07-04,2616.79,2576.12,2636.1,2560.0,9993.30569289,25955934.17018492,2598.3724765638194
2017-07-05,2576.11,2616.99,2630.24,2551.06,9479.58147533,24525586.56239183,2586.358138504097
2017-07-06,2616.99,2597.31,2617.0,2580.69,8815.1402955,22892664.79949354,2598.2046075732637
2017-07-07,2597.32,2500.0,2599.42,2471.22,11635.29585219,29362148.82281207,2533.674977141806
2017-07-08,2500.0,2566.99,2572.93,2491.19,7147.17881487,18111284.64036581,2531.7806812509725
2017-07-09,2567.0,2511.02,2579.84,2495.5,5578.72154695,14166350.05918043,2542.582684545139
2017-07-10,2511.02,2333.3,2520.99,2250.0,18359.40961935,43858719.23462327,2431.215702715903
2017-07-11,2333.3,2261.42,2410.0,2250.0,14938.62095008,34819686.11721788,2333.110111491875
2017-07-12,2261.29,2410.0,2416.79,2258.25,12410.99996317,29302117.56331864,2358.5915027213887
2017-07-13,2410.0,2308.5,2410.0,2301.0,9777.14448518,22951536.17690748,2352.30582501125
2017-07-14,2308.5,2101.02,2349.28,2100.59,14563.79298079,32453844.00520762,2252.0153383426386
2017-07-15,2101.02,2018.67,2145.34,1933.96,17150.38860024,34944637.71554452,2051.6278625725695
2017-07-16,2018.22,1952.77,2028.0,1758.2,21408.49877374,40770546.01167884,1919.1778915315974
2017-07-17,1954.22,2164.49,2238.07,1953.97,21640.44808501,45616812.09880437,2092.843792388681
2017-07-18,2164.49,2346.87,2393.43,2134.37,24983.43788237,57592754.569126144,2288.6303282716667
2017-07-19,2344.98,2320.01,2396.0,2216.0,18527.09510927,42623580.50228432,2311.7945491391665
2017-07-20,2320.73,2721.54,2957.0,2302.05,42768.84374651,113899267.21196146,2560.965794416528
2017-07-21,2721.54,2714.9,2798.0,2608.27,15635.1398435,42388963.65035548,2712.242242268472
2017-07-22,2717.68,2820.86,2869.88,2698.01,12217.63604761,34258520.15785886,2797.757412200278
2017-07-23,2820.42,2763.86,2832.91,2691.0,9559.34337974,26419983.66848016,2767.7515736256946
2017-07-24,2763.85,2748.83,2799.2,2726.8,8590.34042025,23702378.33038615,2759.0326213625003
2017-07-25,2749.99,2514.66,2773.96,2449.69,20718.63317933,53333785.97525674,2590.023026984236
2017-07-26,2514.66,2548.0,2554.46,2403.0,11261.875984,28012560.32821924,2496.2078499325003
2017-07-27,2547.99,2677.46,2737.28,2526.82,11798.157516,30853603.53922672,2593.872016148125
2017-07-28,2676.22,2682.99,2825.11,2655.55,16466.18310832,45352333.58807524,2747.5329558628473
2017-07-29,2683.0,2704.94,2760.67,2656.0,9005.04496333,24416451.92314036,2713.449829750208
2017-07-30,2704.91,2720.69,2739.98,2500.0,9228.59466551,24682508.6066989,2689.7459114026387
2017-07-31,2720.68,2862.91,2900.0,2710.0,10984.68582534,30840975.43420266,2792.3236614065972
2017-08-01,2862.27,2734.2,2925.0,2676.01,9886.25395227,27481925.32664628,2774.027049128889
2017-08-02,2734.2,2720.0,2758.06,2650.0,7850.96183089,21247729.23310307,2712.1193696377086
2017-08-03,2719.99,2781.2,2799.0,2708.4,7634.8558666,21086269.15281079,2753.219996800764
2017-08-04,2781.21,3095.3,3195.0,2760.0,12545.50124626,36732852.10742295,2849.093005765139
2017-08-05,3095.3,3199.62,3335.0,3050.01,17532.53542271,56018499.51040781,3191.6686692620833
2017-08-06,3199.63,3234.03,3278.42,3150.0,7794.03033979,25102864.185540255,3213.6856487576392
2017-08-07,3234.03,3450.01,3455.18,3214.37,12899.99410053,43419806.55391094,3336.606341150695
2017-08-08,3450.0,3384.7,3489.0,3349.91,16048.51495485,54821758.89982701,3420.6033840995833
2017-08-09,3385.48,3330.92,3410.0,3232.62,11541.5868667,38383285.49773132,3336.431336237639
2017-08-10,3330.93,3450.0,3453.1,3324.25,9767.83894228,33384558.98176193,3411.005862225417
2017-08-11,3450.97,3674.84,3725.0,3450.0,16528.05927997,59167857.96477238,3552.3074284875693
2017-08-12,3674.85,4056.2,4126.7,3674.8,24049.5927426,93561686.84562281,3848.962742328403
2017-08-13,4056.2,3996.29,4200.0,3850.0,18213.76008464,73725510.1724342,4052.625744485972
2017-08-14,3996.29,4412.0,4434.42,3986.68,22223.66937327,94774281.40055056,4227.860645764653
2017-08-15,4412.01,4072.86,4428.44,3807.14,30333.93590092,124143016.5604437,4135.658829969375
2017-08-16,4072.8,4280.01,4397.0,3928.82,17998.64038818,76107722.14297166,4206.881746321389
2017-08-17,4280.01,4269.99,4469.0,4180.0,19420.5339277,84008562.34177929,4338.083020368542
2017-08-18,4269.99,4127.04,4350.0,3960.47,20620.6309268,85645663.1888218,4211.689506470487
2017-08-19,4127.04,4090.32,4186.1,4000.0,9877.16940732,40353341.57496656,4090.6998880656247
2017-08-20,4090.32,4066.02,4190.21,4044.52,8175.83361513,33524208.224782694,4101.898412989098
2017-08-21,4066.02,3840.51,4082.57,3820.0,16760.37344966,66621672.45902027,4000.4018166909727
2017-08-22,3840.52,4106.0,4145.0,3583.46,18008.66790841,70713084.7546108,3968.352732724514
2017-08-23,4106.01,4133.05,4247.88,4075.99,11849.51709434,49312290.132901944,4160.989081221458
2017-08-24,4133.05,4344.01,4368.99,4121.01,10086.65298959,42876433.9003275,4229.138970039306
2017-08-25,4344.01,4310.0,4453.9,4260.01,10624.18558562,46333771.00539215,4357.126187992222
2017-08-26,4310.0,4323.82,4392.0,4265.0,5878.89478999,25410513.565715894,4323.032772032014
2017-08-27,4323.82,4291.64,4376.0,4285.0,7576.34529809,32868689.04377787,4337.396422709167
2017-08-28,4291.64,4385.62,4399.0,4200.0,9834.69437273,42538744.66609107,4322.612828322083
2017-08-29,4385.62,4608.03,4649.85,4350.0,14340.92134908,65165965.04974587,4505.256495092777
2017-08-30,4608.03,4630.01,4635.21,4500.55,10315.46935638,47267424.1553204,4584.2156388940975
2017-08-31,4630.01,4756.66,4781.96,4610.0,13012.62748989,61335778.80961268,4703.149618929653
2017-09-01,4756.66,4830.57,4980.0,4706.0,18771.74821081,91090301.09672567,4836.63490175875
2017-09-02,4830.58,4667.68,4880.51,4500.0,17501.8871818,81526402.1842938,4677.838740526042
2017-09-03,4667.68,4586.44,4742.87,4524.0,10312.49618149,47567290.206335,4624.264730977778
2017-09-04,4586.45,4293.99,4589.0,4234.16,22973.74636336,101360824.1608974,4447.098859965208
2017-09-05,4293.98,4513.23,4530.0,4243.44,16016.11693424,70858604.11944185,4416.904978321528
2017-09-06,4513.23,4527.47,4692.0,4431.0,14509.99673736,66556462.63892767,4594.083013871875
2017-09-07,4527.47,4620.0,4665.44,4475.01,7426.97502889,34171650.68330933,4600.124124973889
2017-09-08,4620.0,4353.31,4679.99,4140.0,22371.07007188,97652780.07085568,4453.3405746416665
2017-09-09,4353.04,4247.01,4449.95,4180.0,9500.10798097,40927329.09356757,4329.331588507292
2017-09-10,4247.01,4347.57,4365.0,4139.0,10148.61700454,43081174.6607313,4250.295546483056
2017-09-11,4347.58,4284.94,4347.58,4111.14,8972.8371778,37783415.56709113,4212.744634875139
2017-09-12,4284.95,3953.52,4375.37,3950.01,14721.71799823,61419295.70952065,4229.415408986666
2017-09-13,3953.52,3800.01,4043.97,3726.0,20110.06524619,78123753.9143092,3899.3471176556945
2017-09-14,3800.01,3367.78,3896.84,3230.05,39292.79795751,136205897.99965957,3545.230539282639
2017-09-15,3367.78,3823.01,3894.48,2975.01,49392.02709393,171496788.5299271,3495.0933936044444
2017-09-16,3823.01,3639.93,4034.0,3600.0,17969.43749659,67662565.88350256,3756.3012899861806
2017-09-17,3639.93,3791.98,3841.0,3475.64,12139.38964978,44951259.859135956,3691.4556403505558
2017-09-18,3791.64,3990.41,4130.0,3774.41,18112.00327959,72503566.66413286,3991.7073428568056
2017-09-19,3990.41,3889.51,4049.0,3850.44,11278.40574634,44511605.91768448,3951.7181384291666
2017-09-20,3889.51,3833.36,4044.0,3811.0,10327.36531103,40543839.44286802,3933.638172792986
2017-09-21,3833.36,3704.18,3903.57,3571.0,14153.98751112,52482298.04943859,3759.1595130540973
2017-09-22,3704.18,3627.21,3767.77,3509.79,11168.34027119,40353021.17168788,3621.4524540243056
2017-09-23,3627.21,3783.03,3818.89,3627.0,6565.25494622,24638490.98399988,3752.6208287947916
2017-09-24,3783.03,3763.97,3789.99,3630.01,5058.16624954,18725324.723977998,3689.9448560574306
2017-09-25,3763.98,3908.2,3969.37,3740.0,8871.84250225,34491293.78151357,3859.9936405913195
2017-09-26,3908.2,3936.36,3960.0,3854.29,6137.25976423,24032595.19683947,3914.9032972625696
2017-09-27,3936.36,4197.99,4228.39,3925.0,11827.47404945,48702651.95600152,4082.6881424511807
2017-09-28,4197.99,4057.5,4269.95,4017.72,8997.81311184,37446107.60910209,4186.4303075424305
2017-09-29,4057.49,4196.86,4212.99,4015.17,8187.64354155,33990942.698078945,4150.644218018333
2017-09-30,4196.86,4295.96,4357.85,4189.7,6660.7219943,28639862.22798896,4290.811711234514
2017-10-01,4295.96,4409.01,4424.95,4257.02,5426.95976264,23593640.396776974,4328.137386283542
2017-10-02,4409.01,4417.01,4470.0,4354.99,7608.05601715,33486881.211991582,4410.0835084679165
2017-10-03,4417.01,4300.35,4417.01,4242.42,9901.83032676,42614932.73248605,4300.616002770486
2017-10-04,4300.35,4178.82,4344.0,4170.0,6252.43475148,26461000.586501673,4239.805148363125
2017-10-05,4178.82,4326.18,4364.59,4150.01,6124.77999899,26258391.301887292,4275.168274673194
2017-10-06,4326.18,4369.0,4407.0,4318.58,6473.4425107,28269209.34754249,4368.062273548889
2017-10-07,4369.0,4443.0,4449.42,4320.0,3907.30390236,17115023.159334097,4366.719485662986
2017-10-08,4443.0,4631.78,4631.78,4421.04,7735.81626386,35199052.15679552,4530.06942432257
2017-10-09,4631.78,4780.01,4875.39,4561.0,15022.36087091,71229833.6165138,4684.076076731875
2017-10-10,4780.01,4735.87,4925.65,4701.53,12294.7456756,59270778.25955158,4807.498506979514
2017-10-11,4735.67,4848.0,4869.97,4725.1,7396.23199089,35607721.156692415,4807.400976649514
2017-10-12,4848.0,5712.01,5867.0,4832.22,27857.5072788,148810361.33014148,5231.722706263819
2017-10-13,5712.01,5659.99,5829.0,5420.0,17411.52050972,97836133.01381475,5628.037769799722
2017-10-14,5659.99,5795.01,5849.83,5567.86,9550.32321162,54663088.47560627,5701.835275410834
2017-10-15,5795.01,5610.01,5803.69,5455.5,10886.37226361,60896055.610871516,5610.477584047152
2017-10-16,5610.01,5659.83,5785.3,5575.55,9237.40041618,52563722.77304639,5683.290157773403
2017-10-17,5659.83,5496.01,5687.0,5460.14,9101.27886343,50767252.15359667,5601.216601384791
2017-10-18,5496.01,5631.63,5645.0,5102.0,16513.62305251,88986720.21721455,5424.9281068
2017-10-19,5631.63,5690.62,5750.0,5539.99,7940.82977744,45090790.506829195,5673.72825677507
2017-10-20,5690.62,6099.89,6111.4,5630.0,18180.0685967,107980123.14751694,5850.266505407917
2017-10-21,6099.88,5969.73,6189.1,5868.26,12879.97815482,78127712.22336212,6078.052018734028
2017-10-22,5969.73,5985.0,6050.0,5755.95,10147.21727042,59980398.07395854,5926.287381664305
2017-10-23,5984.99,5657.35,6057.02,5560.0,20960.05634242,121356802.95060454,5841.503770207708
2017-10-24,5657.35,5560.0,5775.0,5376.71,15872.87282419,88583236.81906892,5632.727614844097
2017-10-25,5560.0,5788.96,5795.0,5443.11,11145.18046698,62578469.3811041,5603.6635306307635
2017-10-26,5788.97,5929.49,5998.0,5701.08,11078.38876204,65223279.84190893,5864.953860320417
2017-10-27,5929.49,5769.01,5929.9,5708.8,8769.51320967,50800327.42271229,5815.428945598194
2017-10-28,5769.01,5761.85,5829.0,5715.0,4812.52584406,27677671.20995198,5762.335371440902
2017-10-29,5761.85,6147.36,6290.69,5754.99,13307.51660789,80584483.7786191,5950.668024693264
2017-10-30,6147.37,6136.06,6200.0,6028.0,7425.97740297,45406234.46026614,6125.394166844374
2017-10-31,6136.06,6445.0,6472.13,6099.0,15111.99145437,95935412.51183102,6295.153693263542
2017-11-01,6445.0,6948.0,6987.87,6363.59,25987.83835264,173272999.473832,6595.0139703201385
2017-11-02,6948.0,7220.01,7445.0,6769.74,30591.05562418,215413802.1617069,7032.105812491666
2017-11-03,7220.01,7249.69,7449.99,7011.1,21902.77868963,158868167.5524933,7260.514078744444
2017-11-04,7249.69,7436.91,7498.0,7128.2,12224.56337873,89972347.91112003,7317.848363007222
2017-11-05,7436.92,7209.99,7630.0,7027.09,19045.42214219,141549998.7045363,7465.896006094867
2017-11-06,7205.27,7213.05,7427.43,6900.73,21783.11884445,155200116.5021946,7195.541604545417
2017-11-07,7213.05,7368.98,7387.57,6980.0,15817.90804278,113237076.65703855,7148.348523644861
2017-11-08,7368.99,7340.0,7898.0,7031.66,35351.98639928,262856991.4126552,7404.704325051388
2017-11-09,7340.0,7310.0,7436.57,7079.0,17083.97065017,123152460.26826888,7225.397644942708
2017-11-10,7310.0,6834.99,7320.0,6426.0,33494.26593194,226102929.98200154,6864.52242547361
2017-11-11,6834.98,6005.01,6834.99,6005.0,27935.93001131,177495255.95761454,6438.92119638375
2017-11-12,6005.01,6097.0,6486.0,5511.11,49039.66112092,293665139.1049931,6045.748124331111
2017-11-13,6097.0,6636.76,6841.45,6050.0,34901.8509025,227372980.79573157,6497.7249935710415
2017-11-14,6636.77,6848.92,6923.0,6464.64,21241.98282343,141502819.85458758,6624.429683163403
2017-11-15,6848.9,7223.46,7349.0,6840.0,23277.55877736,167061932.1426718,7134.7391607097225
2017-11-16,7223.46,7900.0,7988.5,7175.0,31622.60120638,243285910.39709854,7605.842716618402
2017-11-17,7900.01,7775.02,7974.88,7502.0,23461.63458961,181400231.62219986,7774.890359175208
2017-11-18,7775.02,7788.9,7847.98,7645.06,9011.22188202,69874325.70625374,7752.351424475417
2017-11-19,7788.93,8023.01,8098.62,7700.0,15529.44411048,123427430.40422855,7885.290633884445
2017-11-20,8023.01,7858.98,8293.25,7802.99,23661.34533372,192095509.82539263,8149.834415858333
2017-11-21,7863.22,8186.8,8375.0,7863.19,21450.18452225,175423881.69472972,8192.315644760278
2017-11-22,8187.54,8221.94,8298.98,8110.49,12665.40013109,103978868.0792791,8223.930711167153
2017-11-23,8221.95,8090.01,8262.12,7900.0,12986.61528732,105616998.9204753,8158.054101539931
2017-11-24,8090.01,8262.31,8324.0,8090.0,12976.28849461,106810310.92672154,8221.58624094882
2017-11-25,8262.31,9008.24,9100.0,8240.0,19469.39379217,168824513.25237373,8639.221050377431
2017-11-26,9011.45,9739.0,9749.0,8910.0,30385.33050207,284988589.8939113,9295.335070895348
2017-11-27,9739.01,9799.98,9799.99,9438.02,19877.93350046,192374836.26646188,9696.40011861014
2017-11-28,9799.98,10497.0,10499.99,9799.98,25500.12819312,255917908.8382701,9977.550074701805
2017-11-29,10497.0,10676.01,11485.0,8595.55,64376.1473417,670284955.6132627,10540.700594713959
2017-11-30,10676.01,9824.03,10700.0,9135.6,37273.7145387,365039284.9486009,9874.670275502223
2017-12-01,9824.03,10872.5,11089.98,9517.0,33170.36663814,348774318.4448608,10405.208463500625
2017-12-02,10874.0,11070.0,11100.0,10752.0,15486.91792407,169554350.5392355,10956.1810124875
2017-12-03,11070.0,11499.99,11891.0,10601.0,32557.82689216,369826655.910824,11414.926518279166
2017-12-04,11499.99,11578.32,11683.0,10950.0,18104.6528108,207010841.1490756,11441.84178610139
2017-12-05,11578.33,12239.99,12300.0,11545.99,23400.89068796,278402502.6444752,11811.184022865278
2017-12-06,12239.99,14371.75,14425.0,12204.01,52048.2786928,698580316.218508,13178.644082286806
2017-12-07,14371.75,16125.99,19697.0,14206.0,85753.40234823,1409407652.469439,16105.3527339125
2017-12-08,16125.99,15870.2,16945.0,13788.99,52468.64950692,831578403.076682,15933.616866365974
2017-12-09,15870.21,14100.0,16287.99,13501.0,44739.97557134,662063832.027396,15196.051201098611
2017-12-10,14100.0,16550.01,16988.0,13704.0,47435.28463082,736728384.1127384,15177.699648291667
2017-12-11,16550.01,16450.12,17493.0,16375.0,28998.13248899,489141066.9868266,16796.227919390276
2017-12-12,16461.02,17071.82,18149.99,16404.01,44458.09301516,765638809.4429057,17271.25685689861
2017-12-13,17071.82,16801.0,17746.73,15700.0,24371.62843131,410391223.9338377,16978.271748845833
2017-12-14,16801.0,17337.38,17899.0,16256.0,24662.1991753,421261899.973316,16915.484655720833
2017-12-15,17337.38,17726.09,17890.0,17252.47,16922.51340396,298714899.7879771,17651.24233173403
2017-12-16,17726.1,19369.42,19797.0,17726.09,28645.05759637,543492538.9829232,18804.5346752125
2017-12-17,19369.42,18984.0,19891.99,18200.0,26597.93477203,509303900.1104466,19419.540730986806
2017-12-18,18984.0,18975.0,19367.5,18425.0,18290.96518354,345017118.2092983,18908.665802188196
2017-12-19,18975.0,17094.93,18990.0,14001.0,48512.58894206,840898411.3647211,17985.32807910208
2017-12-20,17094.93,16949.99,17890.0,15693.97,31596.02675845,526350772.7283584,16806.102583075
2017-12-21,16950.0,14960.48,17364.57,12712.0,54059.99148535,810899163.6404109,15955.469297703472
2017-12-22,14960.48,14799.99,15490.0,10400.0,78725.77428051,1053506095.0181,13873.01302121111
2017-12-23,14800.0,14330.01,16261.0,13750.0,31420.8057362,472224551.685364,15092.215299638196
2017-12-24,14330.01,14169.0,14945.0,13210.0,20887.11544084,292285280.5216403,14060.491903797918
2017-12-25,14169.0,15194.99,15320.99,13845.0,15105.28510713,217718384.5571779,14277.843959695832
2017-12-26,15195.0,16383.87,16490.0,15057.18,22022.99102186,347921689.7999216,15672.32627419236
2017-12-27,16383.89,14475.0,16484.62,13905.0,30369.90716153,458864034.953782,15446.516721302778
2017-12-28,14471.65,14804.76,15105.34,13500.0,25391.88963482,360877193.0322641,14234.1773529375
2017-12-29,14804.77,13659.64,15087.0,13642.21,21590.36822641,309731408.5977242,14447.80933141736
2017-12-30,13649.98,13060.0,14100.0,12500.0,24814.28018318,327443438.8708033,13377.008417424306
2017-12-31,13060.0,13620.0,14280.26,12701.0,16628.64790319,226028358.5446503,13470.961714056944
2018-01-01,13620.0,13164.83,13999.0,12952.5,14934.06838949,200806655.7218578,13426.601535488195
2018-01-02,13164.84,15090.01,15275.0,13150.0,24223.14721228,350829272.5576679,14190.668970736804
2018-01-03,15090.01,14986.76,15400.0,14628.0,18236.65181286,274479727.1041997,15033.526880304165
2018-01-04,14986.76,14938.79,15176.86,14230.0,17326.77703766,256464040.4979343,14825.56317828264
2018-01-05,14938.8,16550.02,17178.0,14842.47,24109.07509121,391984196.1614146,16149.046633088888
2018-01-06,16550.03,16635.31,17174.0,16251.01,12010.26061618,201112588.5288642,16691.381632181947
2018-01-07,16635.31,16266.06,16850.0,15755.01,9520.82274992,155167964.0707221,16440.20180816562
